Report#,RecordDate,OfficerName,Status,Spec. Location,GroupName,ManagerNotified,ReportDate,IncidentOccurred,MethodOfReporting,RelatedEvent,Synopsis,Country,Region/Province,City/Town/Municipality,Category,Type
2015-000209,2015-08-27 13:38:00,"DAVIS, JERRY",Report Sent to Review,,EGYPT,,2015-08-07 00:00:00,2015-08-07 00:00:00,OPEN SOURCE (ONLINE),,Pro-MB March starting form Dar es-Salam Mosque to Maadi. No violence was witnessed.,EGYPT,CAIRO,MAADI,CIVIL UNREST,MARCH
2015-000325,2015-08-30 12:56:00,"BASURTO, JANET",Report Sent to Review,,EGYPT,,2015-08-28 00:00:00,2015-08-28 00:00:00,,,A police officer was reportedly shot and killed by unidentified gunmen as he was returning from work in Tahta.,EGYPT,SOHAG,TAHTA,TERRORISM,ARMED ATTACK
2015-000245,2015-08-27 18:29:00,"BASURTO, JANET",Report Sent to Review,VILLAGE OF IDFINA,EGYPT,,2015-08-24 00:00:00,2015-08-24 00:00:00,OPEN SOURCE (ONLINE),,"Reports indicate that two policemen were killed and 25 others were injured after an IED detonated under a bus carrying police recruits. Pro-state Youm7 reported that three policemen were killed. Reports indicate that the attack was claimed by previously unknown group called ""Trustees of Beit al Maqdis""",EGYPT,BEHEIRA,NA,TERRORISM,IED
2015-000156,2015-08-18 03:03:00,"CAIRO, OPSCENTER",Report Sent to Review,,EGYPT,,2015-08-18 00:00:00,2015-08-18 00:00:00,OPEN SOURCE (ONLINE),,A Homemade Bomb exploded near to Assistant Minister of the Interior’s Office in Asyut Governorate.,EGYPT,ASYUT,NA,TERRORISM,IED
2015-000342,2015-08-30 16:22:00,"DAVIS, JERRY",Report Sent to Review,,EGYPT,,2015-08-30 00:00:00,2015-08-30 00:00:00,OPEN SOURCE (ONLINE),,Dozens attended MB protest reportedly held overnight in Alexandria's Borg al-Arab area.,EGYPT,ALEXANDRIA,BORG AL-ARAB,CIVIL UNREST,MARCH
2015-000210,2015-08-27 13:41:00,"DAVIS, JERRY",Report Sent to Review,"NAOUR VILLAGE, NORTH OF FAYOUM",EGYPT,,2015-08-07 00:00:00,2015-08-07 00:00:00,OPEN SOURCE (ONLINE),,5 militants killed in shootout with police in Fayoum Governorate. Targets of the raid were a militant cell suspected with shooting and killing the daughter of a local police commander.,EGYPT,FAYOUM,NA,SECURITY FORCES,NA
2015-000251,2015-08-27 19:05:00,"BASURTO, JANET",Report Sent to Review,NEAR LIBYAN BORDER,EGYPT,,2015-08-23 00:00:00,2015-08-23 00:00:00,OPEN SOURCE (ONLINE),,"One office was reportedly killed and two soldiers injured following clashes with gunmen traveling in five cars near the Farafra oasis. Conflicting reports have emerged regarding the identity of the gunmen, with reports claiming they are smuggled while others state they are militants.",EGYPT,NA,NA,nan,NA
2015-000320,2015-08-28 16:58:00,"SIKE, OLIVIA",Report Sent to Review,,EGYPT,,2015-08-20 00:00:00,2015-08-20 00:00:00,OPEN SOURCE (ONLINE),,Remotely detonated car bomb exploded.,EGYPT,QALYUBIA,SHUBRA EL-KHEIMA,TERRORISM,BOMBING (OTHER THAN IED)
2015-000328,2015-08-30 13:17:00,"BASURTO, JANET",Report Sent to Review,"FAQOUS, ABU HAMMAD, HUSSEINIYA, BELQAS,",EGYPT,,2015-08-28 00:00:00,2015-08-28 00:00:00,,,"MB protest started in Faqous, Abu Hammad, Husseinya, Belqas. There no reports or unrest.",EGYPT,SHARQIA,NA,CIVIL UNREST,PROTEST
2015-000212,2015-08-27 08:25:00,"CAIRO, OPSCENTER",Report Sent to Review,RING ROAD IN MONIB DIRECTION FROM MARYOTIA,EGYPT,,2015-08-27 00:00:00,2015-08-27 00:00:00,OPEN SOURCE (ONLINE),,"An accident led to Traffic jam on the Ring Road in Monib Direction from Maryotia, Giza.",EGYPT,GIZA,GIZA,CIVIL UNREST,ROAD BLOCK
2015-000269,2015-08-28 12:53:00,"DAVIS, JERRY",Report Sent to Review,"KAFR SHUKR, 50 KM NORTH OF CAIRO",EGYPT,,2015-08-14 00:00:00,2015-08-14 00:00:00,OPEN SOURCE (ONLINE),,"A police officer was killed in Kafr Shukr, 50km north of Cairo, after he stopped two unidentified men traveling on a motorcycle. The two men reportedly shot and killed the police officer.",EGYPT,CAIRO,NA,TERRORISM,SHOOTING
2015-000160,2015-08-19 07:43:00,"CAIRO, OPSCENTER",Report Sent to Review,KARM EL KAWADES AREA,EGYPT,,2015-08-19 00:00:00,2015-08-19 00:00:00,,,"Police Forces defused Four Bombs in Karm El Kawades area in Al Arish City, Sinai.",EGYPT,NORTH SINAI,EL-ARISH,TERRORISM,BOMB DISCOVERY
2015-000098,2015-08-02 14:00:00,"CAIRO, OPSCENTER",Report Sent to Review,SEEDY MUOBARAK CITY,EGYPT,,2015-08-02 00:00:00,2015-08-02 00:00:00,OPEN SOURCE (ONLINE),,"There is a Blast in water pipe in front of Seedy Muobarak City, Kafr el-Sheikh Governorate.",EGYPT,KAFR EL-SHEIKH,NA,OTHER,NA
2015-000271,2015-08-28 12:58:00,"DAVIS, JERRY",Report Sent to Review,,EGYPT,,2015-08-14 00:00:00,2015-08-14 00:00:00,OPEN SOURCE (ONLINE),,Clashes reportedly broke out between security forces and protesters in Cairo's al-Matariyya district. The clashes followed the holding of a MB protest near the Tawhid Mosque.,EGYPT,CAIRO,MATARIYYAH,CIVIL UNREST,SECURITY CLASHES
2015-000131,2015-08-11 16:52:00,"CAIRO, OPSCENTER",Report Sent to Review,6TH OF OCTOBER,EGYPT,,2015-08-09 00:00:00,2015-08-09 00:00:00,OPEN SOURCE (ONLINE),"A massive fire in Paints factory in 6th of October city, Giza.","A massive fire in Paints factory in 6th of October city, Giza.",EGYPT,GIZA,6TH OCTOBER CITY,HAZARD,BUILDING COLLAPSE
2015-000163,2015-08-19 19:43:00,"CAIRO, OPSCENTER",Report Sent to Review,THE AREA AROUND THE NATIONAL SECURITY BUILDING,EGYPT,,2015-08-20 00:00:00,2015-08-20 00:00:00,OPEN SOURCE (ONLINE),,"A massive fire in The area around the National Security building in Shubra Al Khaimah, Qalyubia Governorate.",EGYPT,QALYUBIA,SHUBRA EL-KHEIMA,HAZARD,NA
2015-000257,2015-08-27 17:19:00,"CAIRO, OPSCENTER",Report Sent to Review,ALSHAMS CLUB,EGYPT,,2015-08-27 00:00:00,2015-08-27 00:00:00,OPEN SOURCE (ONLINE),,"A massive fire beside Alshams Club At Masr Algdida , Cairo Governorate.",EGYPT,CAIRO,NA,HAZARD,NA
2015-000295,2015-08-28 15:23:00,"SIKE, OLIVIA",Report Sent to Review,,EGYPT,,2015-08-28 00:00:00,2015-08-17 00:00:00,OPEN SOURCE (ONLINE),,President Sisi controversial new 'anti-terrorism' legislation which soon be made official in Egypt's official gazette.,EGYPT,NA,NA,INFORMATIVE,CLARIFICATION
2015-000100,2015-08-03 06:11:00,"CAIRO, OPSCENTER",Report Sent to Review,AIN SUKHNA CITY,EGYPT,,2015-08-03 00:00:00,2015-08-03 00:00:00,,,"A massive fire at Emak Company for Papers at Ain Sukhna City, Suez Governorate.",EGYPT,SUEZ,NA,HAZARD,NA
2015-000200,2015-08-27 12:45:00,"DAVIS, JERRY",Report is Completed,AL-ARISH,EGYPT,,2015-08-04 00:00:00,2015-08-04 00:00:00,OPEN SOURCE (ONLINE),,Reports indicate that explosions were heard in the area east of al-Arish. Sources stated that the explosions are a result of Egyptian military airstrikes.,EGYPT,NA,NA,ARMED CONFLICT,MILITARY OFFENSIVE
2015-000234,2015-08-27 17:31:00,"BASURTO, JANET",Report Sent to Review,"MULTIPLE: BENI SUEF, GIZA, DAMIETTA",EGYPT,,2015-08-25 00:00:00,2015-08-25 00:00:00,OPEN SOURCE (ONLINE),,"Opposition media reported that at least four marches have taken place last night in Beni Suef Governorate, calling for the release of female student Isra'a Khaled, who was arrested by security forces on Jan. 20. 2015. Protests were reported in Beni Suef as well as Beba and Beni Hdeir. Other protests took place in Mansouriya area of Giza. A small motorcycle demonstration was reported in Damietta's al Basarta.",EGYPT,BENI SUEF,NA,CIVIL UNREST,PROTEST
2015-000116,2015-08-07 07:42:00,"CAIRO, OPSCENTER",Report Sent to Review,"EL HARM ST, EL HARM AREA, GIZA.",EGYPT,,2015-08-07 07:42:00,2015-08-07 00:00:00,OPEN SOURCE (ONLINE),,"Armed Clashes between Police Forces and Morsi Supporters in El Harm St, El Harm area, Giza.",EGYPT,GIZA,GIZA,ARMED CONFLICT,ETHNIC CLASHES
2015-000285,2015-08-28 14:25:00,"BASURTO, JANET",Report Sent to Review,ASHMANT,EGYPT,,2015-08-21 00:00:00,2015-08-21 00:00:00,OPEN SOURCE (ONLINE),,"Security forces are reportedly forcibly dispersing a MB protest in the village of Ashmant, north of Beni Suef.",EGYPT,BENI SUEF,NA,CIVIL UNREST,PROTEST
2015-000274,2015-08-28 13:12:00,"DAVIS, JERRY",Report Sent to Review,SOUTH OF RAFAH,EGYPT,,2015-08-14 00:00:00,2015-08-14 00:00:00,OPEN SOURCE (ONLINE),,Reports indicate that an airstrike targeted a gathering of militants in an unspecified area south of Rafah. Security sources claimed 15 militants were killed and 25 injured.,EGYPT,NORTH SINAI,RAFAH,ARMED CONFLICT,MILITARY OFFENSIVE
2015-000237,2015-08-27 17:55:00,"DAVIS, JERRY",Report Sent to Review,,EGYPT,,2015-08-11 00:00:00,2015-08-11 00:00:00,OPEN SOURCE (ONLINE),,Three 60 mm shells hit a military checkpoint near al-Arish.,EGYPT,NORTH SINAI,EL-ARISH,TERRORISM,BOMBING (OTHER THAN IED)
2015-000207,2015-08-27 13:25:00,"DAVIS, JERRY",Report Sent to Review,SOUTH OF RAFAH,EGYPT,,2015-08-06 00:00:00,2015-08-06 00:00:00,OPEN SOURCE (ONLINE),,Egyptian security forces reportedly killed five militants in Apache helicopter airstrikes south of Rafah,EGYPT,NORTH SINAI,RAFAH,ARMED CONFLICT,MILITARY OFFENSIVE
2015-000291,2015-08-28 15:04:00,"SIKE, OLIVIA",Report Sent to Review,GOVERNORATE'S HEHYA,EGYPT,,2015-08-28 00:00:00,2015-08-17 00:00:00,OPEN SOURCE (ONLINE),,IED targets electricity tower,EGYPT,SHARQIA,NA,TERRORISM,THREAT
2015-000119,2015-08-08 07:29:00,"CAIRO, OPSCENTER",Report Sent to Review,DAMOH CITY,EGYPT,,2015-08-08 00:00:00,2015-08-08 00:00:00,OPEN SOURCE (ONLINE),,"A homemade bomb exploded at Damoh City, Faiyum Governorate.",EGYPT,FAYOUM,NA,TERRORISM,BOMBING (OTHER THAN IED)
2015-000229,2015-08-27 16:43:00,"BASURTO, JANET",Report Sent to Review,SHEIKH ZUWEID - RAFAH ROAD,EGYPT,,2015-08-26 00:00:00,2015-08-26 00:00:00,OPEN SOURCE (ONLINE),,"ISIS-affiliated WS claimed it targeted a military Hummer on Sheikh Zuweid - Rafah road near the checkpoint of Sadut, using an IED. Group claimed the attack resulted in several injuries and the destruction of the vehicle.",EGYPT,NORTH SINAI,SHEIKH ZUWAYYED,TERRORISM,IED
2015-000336,2015-08-30 15:30:00,"DAVIS, JERRY",Report Sent to Review,RING ROAD IN AL-ARISH,EGYPT,,2015-08-30 00:00:00,2015-08-30 00:00:00,OPEN SOURCE (ONLINE),,An explosion was reported on al-Arish's ring road. Surroundings of the incident remain unclear at the time of writing.,EGYPT,NORTH SINAI,EL-ARISH,TERRORISM,BOMBING (OTHER THAN IED)
2015-000348,2015-08-31 10:02:00,"BASURTO, JANET",Report Sent to Review,10TH OF RAMADAN CITY,EGYPT,,2015-08-31 00:00:00,2015-08-31 00:00:00,OPEN SOURCE (ONLINE),,A police car was reportedly set ablaze after local militants threw molotov cocktails in the 10th of Ramadan city.,EGYPT,SHARQIA,NA,CRIME,ARSON
2015-000195,2015-08-27 11:49:00,"DAVIS, JERRY",Report Sent to Review,WESTERN CAIRO'S FAISLA STREET,EGYPT,,2015-08-02 00:00:00,2015-08-02 00:00:00,OPEN SOURCE (ONLINE),,"Reports indicate that a building collapsed in the Hassam Mohammed Street on Western Cairo's Faisla Street. Emergency teams at the scene, no reports of casualties.",EGYPT,NA,NA,HAZARD,NA
2015-000353,2015-09-01 02:21:00,"CAIRO, OPSCENTER",Report Sent to Review,SHOUBRA EL KHEMA,EGYPT,,2015-08-29 00:00:00,2015-08-29 00:00:00,OPEN SOURCE (ONLINE),,"A Massive fire in a Plastic Plant at Shoubra El Khema City, Qalyubia Governorate.",EGYPT,QALYUBIA,SHUBRA EL-KHEIMA,HAZARD,NA
2015-000191,2015-08-27 11:06:00,"CAIRO, OPSCENTER",Report Sent to Review,AL-SHARKIA GOVERNORATE,EGYPT,,2015-08-24 00:00:00,2015-08-24 00:00:00,,,A bomb exploded under Electric Tower and the Police security defused Three others at AL-Sharkia Governorate.,EGYPT,SHARQIA,NA,HAZARD,NA
2015-000246,2015-08-27 18:36:00,"DAVIS, JERRY",Report Sent to Review,"IZBET TAWFIK AL-HAQIM, NEAR HOSH ISSA",EGYPT,,2015-08-12 00:00:00,2015-08-12 00:00:00,OPEN SOURCE (ONLINE),,IED blast destroyed a power generator in Nile Delta causing irrigation water disruptions.,EGYPT,NA,NA,TERRORISM,IED
2015-000297,2015-08-28 15:27:00,"BASURTO, JANET",Report Sent to Review,,EGYPT,,2015-08-21 00:00:00,2015-08-20 00:00:00,OPEN SOURCE (ONLINE),,"According to Egyptian Media outlets, IED exploded on railway tracks north of Zagazig.",EGYPT,SHARQIA,ZAGAZIG,TERRORISM,IED
2015-000179,2015-08-26 16:56:00,"ROUFFAUD, LUC",Report Sent to Review,GARDENS METRO STATION,EGYPT,,2015-08-03 00:00:00,2015-08-03 00:00:00,OPEN SOURCE (ONLINE),,IED discovered in a black duffel bag by security in the Gardens Metro Station in Helwan south of cairo,EGYPT,CAIRO,HELWAN,TERRORISM,BOMB DISCOVERY
2015-000213,2015-08-27 08:32:00,"DAVIS, JERRY",Report Sent to Review,,EGYPT,,2015-08-07 00:00:00,2015-08-07 00:00:00,OPEN SOURCE (ONLINE),,"MB protests in several areas of Alexandria, including the Hanovil area west of the city center, and the al-Sayuf area east of the city center. Arrests have been made.",EGYPT,ALEXANDRIA,NA,CIVIL UNREST,PROTEST
2015-000298,2015-08-28 15:27:00,"DAVIS, JERRY",Report Sent to Review,,EGYPT,,2015-08-15 00:00:00,2015-08-15 00:00:00,OPEN SOURCE (ONLINE),,Initial reports indicate that the large explosion that took place in Rafah was the result of a military strike on a home in the city.,EGYPT,NORTH SINAI,RAFAH,ARMED CONFLICT,MILITARY OFFENSIVE
2015-000222,2015-08-27 09:19:00,"DAVIS, JERRY",Report Sent to Review,ASSYUT STREET,EGYPT,,2015-08-09 00:00:00,2015-08-09 00:00:00,OPEN SOURCE (ONLINE),,2 Servicemen killed in IED attack on armored vehicle in Arish.,EGYPT,NORTH SINAI,EL-ARISH,TERRORISM,IED
2015-000150,2015-08-17 07:38:00,"CAIRO, OPSCENTER",Report Sent to Review,THE EXIT OF THE AGRICULTURAL ROAD ‘ CAIRO- BENHA” IN CAIRO.,EGYPT,,2015-08-17 00:00:00,2015-08-17 00:00:00,OPEN SOURCE (ONLINE),,There is maintenance on the Ring Road in the exit of the Agricultural Road ‘ Cairo- Benha” in Cairo. The Alternative Way :- Moassa Square Exit then Return to the Agricultural Road.,EGYPT,CAIRO,NA,CIVIL UNREST,ROAD BLOCK
2015-000154,2015-08-17 16:44:00,"CAIRO, OPSCENTER",Report Sent to Review,HIHYA,EGYPT,,2015-08-17 00:00:00,2015-08-17 00:00:00,OPEN SOURCE (ONLINE),,"A bomb exploded in Electricity Tower in Hihya City, Al Sharqia Governorate.",EGYPT,SHARQIA,HIHYA,TERRORISM,IED
2015-000345,2015-08-31 09:49:00,"BASURTO, JANET",Report Sent to Review,,EGYPT,,2015-08-30 00:00:00,2015-08-30 00:00:00,OPEN SOURCE (ONLINE),,Three bombs topple electricity tower in Alexandria's Ameriya area.,EGYPT,ALEXANDRIA,AMRIYA,TERRORISM,IED
2015-000345,2015-08-31 09:49:00,"BASURTO, JANET",Report Sent to Review,,EGYPT,,2015-08-30 00:00:00,2015-08-30 00:00:00,OPEN SOURCE (ONLINE),,Three bombs topple electricity tower in Alexandria's Ameriya area.,EGYPT,ALEXANDRIA,AMRIYA,TERRORISM,INFRASTRUCTURE SABOTAGE
2015-000137,2015-08-12 22:47:00,"CAIRO, OPSCENTER",Report Sent to Review,GARDEN CITY,EGYPT,,2015-08-13 00:00:00,2015-08-13 00:00:00,OPEN SOURCE (ONLINE),"A Sound Bomb exploded near Garden City , Cairo Governorate.","A Sound Bomb exploded near Garden City , Cairo Governorate.",EGYPT,CAIRO,QASR AN-NIL,TERRORISM,IED
2015-000344,2015-08-31 09:46:00,"BASURTO, JANET",Report Sent to Review,RING ROAD,EGYPT,,2015-08-30 00:00:00,2015-08-30 00:00:00,OPEN SOURCE (ONLINE),,Reports indicate an IED attack on an armored vehicle south of al Arish on the ring road. One soldier was killed.,EGYPT,NORTH SINAI,EL-ARISH,TERRORISM,IED
2015-000215,2015-08-27 08:37:00,"DAVIS, JERRY",Report Sent to Review,"ETSA, SOUTH OF FAYOUM",EGYPT,,2015-08-07 00:00:00,2015-08-07 00:00:00,OPEN SOURCE (ONLINE),,"Two electricity towers damaged by an IED in Etsa, south of Fayoum.",EGYPT,FAYOUM,NA,TERRORISM,IED
2015-000215,2015-08-27 08:37:00,"DAVIS, JERRY",Report Sent to Review,"ETSA, SOUTH OF FAYOUM",EGYPT,,2015-08-07 00:00:00,2015-08-07 00:00:00,OPEN SOURCE (ONLINE),,"Two electricity towers damaged by an IED in Etsa, south of Fayoum.",EGYPT,FAYOUM,NA,TERRORISM,IED
2015-000104,2015-08-04 02:10:00,"CAIRO, OPSCENTER",Report Sent to Review,ABU HAMAD CITY,EGYPT,,2015-08-04 00:00:00,2015-08-04 00:00:00,,,"Unknown people open fire towards A Policeman in Abu Hamad City, Sharkia Governorate.",EGYPT,SHARQIA,ABU HAMMAD,TERRORISM,ARMED ATTACK
2015-000194,2015-08-27 11:12:00,"CAIRO, OPSCENTER",Report Sent to Review,MANFLOUT CITY,EGYPT,,2015-08-20 00:00:00,2015-08-20 00:00:00,OPEN SOURCE (ONLINE),,"A fire at Goods Train Manflout City, Assuit governorate",EGYPT,ASYUT,MANFALUT,HAZARD,NA
2015-000139,2015-08-13 06:31:00,"CAIRO, OPSCENTER",Report Sent to Review,THE GOVERNMENTAL COMPLEX IN DOWNTOWN,EGYPT,,2015-08-13 00:00:00,2015-08-13 00:00:00,OPEN SOURCE (ONLINE),,"A Homemade Bomb exploded at the Governmental complex in downtown, Fayoum Governorate.",EGYPT,FAYOUM,NA,TERRORISM,BOMBING (OTHER THAN IED)
2015-000264,2015-08-28 12:38:00,"DAVIS, JERRY",Report Sent to Review,BETWEEN RAFAH AND SHEIKH ZUWEID,EGYPT,,2015-08-13 00:00:00,2015-08-13 00:00:00,OPEN SOURCE (ONLINE),,"Egyptian Media outlets quoting security sources claimed that security forces arrested a group of militants travelling from Rafah to Sheikh Zuweid. The militants were reportedly driving a car loaded with weapons, and security forces found maps of local security facilities.",EGYPT,NORTH SINAI,NA,SECURITY FORCES,ARREST
2015-000170,2015-08-24 14:58:00,"CAIRO, OPSCENTER",Report Sent to Review,EDFINA ACUEDUCTO IN RASHID CITY,EGYPT,,2015-08-24 00:00:00,2015-08-24 00:00:00,OPEN SOURCE (ONLINE),,"A Bomb exploded near to a Police Bus near to Edfina Acueducto in Rashid City, Behira Governorate. .",EGYPT,BEHEIRA,NA,TERRORISM,SHOOTING
2015-000118,2015-08-08 03:10:00,"CAIRO, OPSCENTER",Report Sent to Review,(FAIYUM- CAIRO) DESERT ROAD,EGYPT,,2015-08-08 00:00:00,2015-08-08 00:00:00,OPEN SOURCE (ONLINE),,"An armed attack on a police car at (Faiyum- Cairo) Desert Road, Faiyum Governorate.",EGYPT,FAYOUM,NA,TERRORISM,ARMED ATTACK
2015-000221,2015-08-27 16:18:00,"BASURTO, JANET",Report Sent to Review,AL OBOUR,EGYPT,,2015-08-26 00:00:00,2015-08-26 00:00:00,,,Reports indicate that a gas pipe detonated in al-Arish al-Obour area. Casualties were reported.,EGYPT,NORTH SINAI,EL-ARISH,TERRORISM,BOMBING (OTHER THAN IED)
2015-000147,2015-08-16 14:04:00,"CAIRO, OPSCENTER",Report Sent to Review,EL SHIEKH ZOWAID AND RAFAH ROAD,EGYPT,,2015-08-16 00:00:00,2015-08-16 00:00:00,OPEN SOURCE (ONLINE),,"Police Forces defused sixteen bombs on EL Shiekh Zowaid and Rafah Road , North Sinai Governorate .",EGYPT,NORTH SINAI,SHEIKH ZUWAYYED,TERRORISM,BOMBING (OTHER THAN IED)
2015-000287,2015-08-28 14:39:00,"SIKE, OLIVIA",Report Sent to Review,INTERNATIONAL COASTAL ROAD BETWEEN SHIEH ZUWEID AND RAFAH,EGYPT,,2015-08-17 00:00:00,2015-08-17 00:00:00,OPEN SOURCE (ONLINE),,"Military claims to have dismantled ""16 IEDs""",EGYPT,NORTH SINAI,NA,TERRORISM,IED
2015-000275,2015-08-28 13:20:00,"DAVIS, JERRY",Report Sent to Review,NILE DELTA REGION,EGYPT,,2015-08-14 00:00:00,2015-08-14 00:00:00,OPEN SOURCE (ONLINE),,"Pro MB protest started in undisclosed location of Suez City. Similar protests have also been held in several villages in the Nile Delta, including: Mit Ghamr, Abu Kabir, Belkas and Minyat as-Siba.",EGYPT,SUEZ,NA,CIVIL UNREST,PROTEST
2015-000197,2015-08-27 12:29:00,"DAVIS, JERRY",Report Sent to Review,CAIRO-FAYOUM ROAD,EGYPT,,2015-08-03 00:00:00,2015-08-02 00:00:00,OPEN SOURCE (ONLINE),,"The daughter of a police major was killed in a shooting attack as she and her father drove along the Cairo-Fayoum highway. Gunmen fired on the vehicle near the village of Maimana, although the police major did not sustain injuries.",EGYPT,NA,NA,TERRORISM,NA
2015-000124,2015-08-10 09:52:00,"CAIRO, OPSCENTER",Report Sent to Review,HELIOPOLIS,EGYPT,,2015-08-10 00:00:00,2015-08-10 00:00:00,OPEN SOURCE (ONLINE),,"A Homemade Bomb exploded close to Heliopolis Court, Cairo.",EGYPT,CAIRO,NEW HELIOPOLIS CITY,TERRORISM,BOMBING (OTHER THAN IED)
2015-000099,2015-08-03 03:04:00,"CAIRO, OPSCENTER",Report Sent to Review,HARAM,EGYPT,,2015-08-03 00:00:00,2015-08-03 00:00:00,OPEN SOURCE (ONLINE),,"A massive fire in Chinese Cultural Center Theater El haram area, Giza Governorate.",EGYPT,GIZA,GIZA,HAZARD,NA
2015-000322,2015-08-28 17:10:00,"SIKE, OLIVIA",Report Sent to Review,EGYPT'S RAFAH,EGYPT,,2015-08-20 00:00:00,2015-08-20 00:00:00,OPEN SOURCE (ONLINE),,4 Palestinians were kidnapped after gunmen stopped their bus,EGYPT,NA,NA,CRIME,KIDNAPPING
2015-000152,2015-08-17 16:37:00,"CAIRO, OPSCENTER",Report Sent to Review,AL ARISH,EGYPT,,2015-08-15 00:00:00,2015-08-15 00:00:00,,,"Six bombs exploded and the policemen defused another Two bomb in AL Arish City , North Sinai .",EGYPT,NORTH SINAI,EL-ARISH,TERRORISM,IED
2015-000240,2015-08-27 18:03:00,"DAVIS, JERRY",Report Sent to Review,NUBAREYA'S ABU AL-MATAMER DISTRICT - 50 KM SOUTH OF ALEXANDRIA,EGYPT,,2015-08-11 00:00:00,2015-08-11 00:00:00,OPEN SOURCE (ONLINE),,"IED explodes near an electricity transformer in Nubareya's Abu al-Matamer district, more thank 50 km south of Alexandria. No casualties reported.",EGYPT,ALEXANDRIA,NA,TERRORISM,IED
2015-000273,2015-08-28 13:05:00,"BASURTO, JANET",Report Sent to Review,,EGYPT,,2015-08-22 00:00:00,2015-08-22 00:00:00,OPEN SOURCE (ONLINE),,"Egyptian court sentenced MB spiritual guide Mohammed Badie to life in prison in the 'al-Arab police station riot' case. Badie, deputy MB leader Beltagy and 190 other MB members are being tried for the 2013 storming of the Arab police station in Port Said. Beltagy and 19 other defendants received life sentences.",EGYPT,CAIRO,NA,CIVIL UNREST,NA
2015-000266,2015-08-28 12:42:00,"BASURTO, JANET",Report Sent to Review,TAMIYYAH TOWN,EGYPT,,2015-08-23 00:00:00,2015-08-23 00:00:00,OPEN SOURCE (ONLINE),,"A police patrol came under fire from a passing vehicle in the town of Tamiyyah, located in the northern Fayoum Oasis. Three police injured.",EGYPT,FAYOUM,NA,TERRORISM,ARMED ATTACK
2015-000334,2015-08-30 15:02:00,"DAVIS, JERRY",Report Sent to Review,MOTORCADE OF FAYOUM SECURITY DIRECTOR - FAYOUM,EGYPT,,2015-08-29 00:00:00,2015-08-29 00:00:00,OPEN SOURCE (ONLINE),,"Reports indicate that an IED targeting the motorcade of the Fayoum security director exploded. Initial reports indicate there were no injuries in the IED attack, while conflicting reports claim several security personnel were wounded. Some sources have attributed the attack to the Revolutionary Punishment militant group.",EGYPT,FAYOUM,NA,TERRORISM,IED
2015-000323,2015-08-28 17:14:00,"SIKE, OLIVIA",Report Sent to Review,AL- ARISH,EGYPT,,2015-08-20 00:00:00,2015-08-20 00:00:00,OPEN SOURCE (ONLINE),,"A vehicle of ""Electricity and Supply Company"" was attacked",EGYPT,NA,NA,TERRORISM,ARMED ATTACK
2015-000265,2015-08-28 12:40:00,"DAVIS, JERRY",Report Sent to Review,,EGYPT,,2015-08-13 00:00:00,2015-08-13 00:00:00,OPEN SOURCE (ONLINE),,An IED reportedly exploded near the security directorate in Fayoum. Nearby buildings were lightly damaged and security forces reportedly evacuated the street.,EGYPT,FAYOUM,NA,TERRORISM,IED
2015-000308,2015-08-28 15:52:00,"SIKE, OLIVIA",Report Sent to Review,,EGYPT,,2015-08-18 00:00:00,2015-08-18 00:00:00,OPEN SOURCE (ONLINE),,two sound bombs detonated overnight,EGYPT,MENOUFIYA,SHEBIN EL-KOM,TERRORISM,BOMBING (OTHER THAN IED)
2015-000284,2015-08-28 14:18:00,"BASURTO, JANET",Report Sent to Review,AMERIYAH NEIGHBORHOOD,EGYPT,,2015-08-21 00:00:00,2015-08-21 00:00:00,OPEN SOURCE (ONLINE),,MB protests reportedly started in Alexandria's Awayed neighborhood. There are no reports of arrests.,EGYPT,ALEXANDRIA,NA,CIVIL UNREST,PROTEST
2015-000354,2015-09-01 02:27:00,"CAIRO, OPSCENTER",Report Sent to Review,AL-ARISH CITY,EGYPT,,2015-09-01 00:00:00,2015-08-01 00:00:00,OPEN SOURCE (ONLINE),,"SVBIED prevented in al-Arish, driver shot dead, 100s of kg of explosives found",EGYPT,NORTH SINAI,EL-ARISH,TERRORISM,SVBIED (SUICIDE CAR BOMB)
2015-000110,2015-08-06 13:25:00,"CAIRO, OPSCENTER",Report Sent to Review,"AL MAHDIA AREA, RAFAH CITY, SINAI.",EGYPT,,2015-08-06 00:00:00,2015-08-06 00:00:00,OPEN SOURCE (ONLINE),,"A Mortar fell down on A House in Al Mahdia area, Rafah city, Sinai.",EGYPT,NORTH SINAI,RAFAH,TERRORISM,SHOOTING
2015-000108,2015-08-05 15:49:00,"CAIRO, OPSCENTER",Report Sent to Review,EGYPT,EGYPT,,2015-08-05 00:00:00,2015-08-05 00:00:00,OPEN SOURCE (ONLINE),,"Report of Thursday 6th of Aug 2015:- - Council of Ministers announced that tomorrow ”Thursday 6/8/2015” will be official Off Day To celebrate the opening of the new Suez Canal Lane. - Strict security measures in most provinces especially the provinces of the Channel and North and South Sinai to prevent any disrupting events during the celebration” This may impede the entry or exit of persons and personal vehicles to and from the ceremony area”. - Tight security in all airports in Egypt, especially Cairo airport, where the arrival and departure of the guests of the celebration. - Descent expectations of large numbers of the Egyptian people to the streets of Cairo and other folders to celebrate, which may cause traffic jams in many areas especially public squares.",EGYPT,NA,NA,MAJOR POLITICAL EVENT,NA
2015-000205,2015-08-27 13:11:00,"DAVIS, JERRY",Report Sent to Review,NORTHERN SHEIKH ZUWEID,EGYPT,,2015-08-05 00:00:00,2015-08-05 00:00:00,OPEN SOURCE (ONLINE),,Military airstrikes reportedly kill 15 militants in Sheikh Zuweid.,EGYPT,NORTH SINAI,SHEIKH ZUWAYYED,ARMED CONFLICT,MILITARY OFFENSIVE
2015-000153,2015-08-17 16:40:00,"CAIRO, OPSCENTER",Report Sent to Review,10TH OF RAMADAN,EGYPT,,2015-08-16 00:00:00,2015-08-16 00:00:00,,,"A massive fire in factory in the industrial area 10th of Ramadan City, Sharqia Governorate",EGYPT,SHARQIA,BILBEIS,TERRORISM,BOMB DISCOVERY
2015-000106,2015-08-04 07:54:00,"CAIRO, OPSCENTER",Report Sent to Review,SOUTH OF SHEIKH ZUWAYYED,EGYPT,,2015-08-04 00:00:00,2015-08-04 00:00:00,OPEN SOURCE (ONLINE),,"A Mortar fell down on A House at Al-Sheikh Zuweid city, North Sinai.",EGYPT,NORTH SINAI,SHEIKH ZUWAYYED,TERRORISM,SHOOTING
2015-000335,2015-08-30 15:20:00,"DAVIS, JERRY",Report Sent to Review,,EGYPT,,2015-08-30 00:00:00,2015-08-30 00:00:00,OPEN SOURCE (ONLINE),,"According to Egyptian media outlets quoting a security source, security forces surrounded arrested a high-ranking member of the ISIS affiliated Wilayat Sinai in a farm in al-Arish.",EGYPT,NORTH SINAI,EL-ARISH,SECURITY FORCES,ARREST
2015-000300,2015-08-28 15:32:00,"DAVIS, JERRY",Report Sent to Review,AREAS WEST OF RAFAH,EGYPT,,2015-08-15 00:00:00,2015-08-15 00:00:00,OPEN SOURCE (ONLINE),,Media outlets reported that eight militants were killed in Egyptian Air Force strikes on areas west of Rafah.,EGYPT,NORTH SINAI,RAFAH,ARMED CONFLICT,MILITARY OFFENSIVE
2015-000268,2015-08-28 12:49:00,"BASURTO, JANET",Report Sent to Review,KARAMA DISTRICT,EGYPT,,2015-08-23 00:00:00,2015-08-23 00:00:00,OPEN SOURCE (ONLINE),,Unidentified gunmen detonated an IED at the house of the Arish police secretary in the city's southeast Karama District. No injuries were reported.,EGYPT,NORTH SINAI,EL-ARISH,TERRORISM,IED
2015-000290,2015-08-28 15:05:00,"BASURTO, JANET",Report Sent to Review,,EGYPT,,2015-08-21 00:00:00,2015-08-21 00:00:00,,,MB protests in the center of Abu Hammad.,EGYPT,SHARQIA,NA,CIVIL UNREST,PROTEST
2015-000244,2015-08-27 18:21:00,"BASURTO, JANET",Report Sent to Review,,EGYPT,,2015-08-24 00:00:00,2015-08-24 00:00:00,OPEN SOURCE (ONLINE),,ISIS-Affiliated WS claimed it targeted the al-Mansura checkpoint south of Rafah with 'medium and heavy weaponry' further adding that 'clashes continued for a long time'. Clashes and sounds of explosions were heard in the Palestinian side of Rafah.,EGYPT,NORTH SINAI,RAFAH,TERRORISM,ARMED ATTACK
2015-000103,2015-08-04 02:03:00,"CAIRO, OPSCENTER",Report Sent to Review,MAHALA CITY,EGYPT,,2015-08-04 00:00:00,2015-08-04 00:00:00,OPEN SOURCE (ONLINE),,"A massive fire in Ghazl Mahalla company, Mahala city, Gharbia Governorate.",EGYPT,GHARBIA,NA,HAZARD,NA
2015-000103,2015-08-04 02:03:00,"CAIRO, OPSCENTER",Report Sent to Review,MAHALA CITY,EGYPT,,2015-08-04 00:00:00,2015-08-04 00:00:00,OPEN SOURCE (ONLINE),,"A massive fire in Ghazl Mahalla company, Mahala city, Gharbia Governorate.",EGYPT,GHARBIA,NA,HAZARD,NA
2015-000121,2015-08-09 05:40:00,"CAIRO, OPSCENTER",Report Sent to Review,"AT ASSIUT ST. AL ARISH CITY , NORTH SINAI",EGYPT,,2015-08-09 00:00:00,2015-08-09 00:00:00,OPEN SOURCE (ONLINE),,"A bomb exploded in an armored vehicle at Assiut St. AL Arish City , North Sinai .",EGYPT,NORTH SINAI,EL-ARISH,TERRORISM,BOMBING (OTHER THAN IED)
2015-000227,2015-08-27 09:37:00,"DAVIS, JERRY",Report Sent to Review,VILLAGE OF KAFR MAHFOUZ,EGYPT,,2015-08-10 00:00:00,2015-08-10 00:00:00,OPEN SOURCE (ONLINE),,Three IEDs detonated near an electricity tower in the village of Kafr Mahfouz in the Fayoum Governorate.,EGYPT,FAYOUM,NA,TERRORISM,IED
2015-000309,2015-08-28 15:55:00,"SIKE, OLIVIA",Report Sent to Review,,EGYPT,,2015-08-18 00:00:00,2015-08-18 00:00:00,OPEN SOURCE (ONLINE),,Assailants open fire on police car,EGYPT,BENI SUEF,NA,TERRORISM,ARMED ATTACK
2015-000176,2015-08-26 16:37:00,"ROUFFAUD, LUC",Report Sent to Review,,EGYPT,,2015-08-02 00:00:00,2015-08-02 00:00:00,OPEN SOURCE (ONLINE),,IED planted under vehicle reportedly detonated in front of Court House in Khanka 10km NE of Cairo in Qalyubia gov. No injuries reported.,EGYPT,QALYUBIA,KHANKA,TERRORISM,IED
2015-000097,2015-08-02 13:45:00,"CAIRO, OPSCENTER",Report Sent to Review,AL-ARISH CITY,EGYPT,,2015-08-02 00:00:00,2015-08-02 00:00:00,OPEN SOURCE (ONLINE),,"Police forces defused a three homemade bombs at , Al-Arish City, North Sinai.",EGYPT,NORTH SINAI,EL-ARISH,TERRORISM,BOMB DISCOVERY
2015-000293,2015-08-28 15:11:00,"BASURTO, JANET",Report Sent to Review,,EGYPT,,2015-08-21 00:00:00,2015-08-21 00:00:00,OPEN SOURCE (ONLINE),,"Egyptian security forces are reportedly deploying along Ahmed Esmat Street in Cairo's Ain Shams district, in anticipation of protest.",EGYPT,CAIRO,AIN SHAMS,SECURITY FORCES,NA
2015-000145,2015-08-16 02:57:00,"CAIRO, OPSCENTER",Report Sent to Review,"ZAWIAT GHAZALAH VILLAGE, DAMANHUR CITY",EGYPT,,2015-08-16 00:00:00,2015-08-16 00:00:00,OPEN SOURCE (ONLINE),,"Two IEDs exploded at Zawiat Ghazalah Village, Damanhur city, Beheira Governorate.",EGYPT,BEHEIRA,NA,TERRORISM,IED
2015-000279,2015-08-28 13:55:00,"BASURTO, JANET",Report Sent to Review,,EGYPT,,2015-08-21 00:00:00,2015-08-21 00:00:00,OPEN SOURCE (ONLINE),,"According to local sources Egyptian F16 carried out multiple airstrikes near Yarmit, south of Rafah. The explosion were heard on the Palestinian side.",EGYPT,NORTH SINAI,RAFAH,ARMED CONFLICT,MILITARY OFFENSIVE
2015-000327,2015-08-30 13:13:00,"BASURTO, JANET",Report Sent to Review,TAMIYYAH,EGYPT,,2015-08-28 00:00:00,2015-08-28 00:00:00,,,"Two militants were reportedly killed after security forces surrounded and stormed their hideout in the city of Tamiyyah. Other sources, however, claim the two were MB activists rather than militants.",EGYPT,FAYOUM,NA,ARMED CONFLICT,MILITARY OFFENSIVE
2015-000254,2015-08-27 20:07:00,"BASURTO, JANET",Report Sent to Review,ARISH AND RAFAH,EGYPT,,2015-08-23 00:00:00,2015-08-23 00:00:00,OPEN SOURCE (ONLINE),,"According to local sources in Sinai, Egyptian military reportedly carried out several airstrikes south of Sheikh Zuweid and Rafah",EGYPT,NORTH SINAI,EL-ARISH,ARMED CONFLICT,MILITARY OFFENSIVE
2015-000263,2015-08-28 12:38:00,"BASURTO, JANET",Report Sent to Review,,EGYPT,,2015-08-23 00:00:00,2015-08-23 00:00:00,OPEN SOURCE (ONLINE),,Three officers were reportedly killed after a gun battle broke out between security forces in Qalyub and a group of unidentified gunmen who broke into a local villa. Security forces are reportedly combing the area to find the attackers.,EGYPT,QALYUBIA,QALYUB,CRIME,ARMED ROBBERY
2015-000113,2015-08-07 11:53:00,"CAIRO, OPSCENTER",Report Sent to Review,"ABDEL KADER AREA, ALEXANDRIA GOVERNORATE.",EGYPT,,2015-08-06 00:00:00,2015-08-06 00:00:00,OPEN SOURCE (ONLINE),,"A massive fire in Cotton factory at Abdel Kader area, Alexandria Governorate.",EGYPT,ALEXANDRIA,NA,HAZARD,NA
2015-000289,2015-08-28 15:01:00,"BASURTO, JANET",Report Sent to Review,KFAR SULEIMAN,EGYPT,,2015-08-21 00:00:00,2015-08-21 00:00:00,OPEN SOURCE (ONLINE),,"MB protests were reported in the village of Kfar Suleiman south of Damietta, and in As Salhiyyah.",EGYPT,DAMIETTA,NA,CIVIL UNREST,PROTEST
2015-000261,2015-08-28 12:32:00,"BASURTO, JANET",Report Sent to Review,,EGYPT,,2015-08-23 00:00:00,2015-08-23 00:00:00,OPEN SOURCE (ONLINE),,"According to Egyptian media outlets, the Egyptian military reportedly carried out a security raid in Sheikh Zuweid. Outlets quoted a security source stating that one high ranking militant was killed and three arrested following the operation. According to security sources, the high ranking militant killed this morning is Abu al-Qassim, the commander of WS military wing.",EGYPT,NORTH SINAI,SHEIKH ZUWAYYED,ARMED CONFLICT,MILITARY OFFENSIVE
2015-000261,2015-08-28 12:32:00,"BASURTO, JANET",Report Sent to Review,,EGYPT,,2015-08-23 00:00:00,2015-08-23 00:00:00,OPEN SOURCE (ONLINE),,"According to Egyptian media outlets, the Egyptian military reportedly carried out a security raid in Sheikh Zuweid. Outlets quoted a security source stating that one high ranking militant was killed and three arrested following the operation. According to security sources, the high ranking militant killed this morning is Abu al-Qassim, the commander of WS military wing.",EGYPT,NORTH SINAI,SHEIKH ZUWAYYED,SECURITY FORCES,ARREST
2015-000192,2015-08-27 11:09:00,"CAIRO, OPSCENTER",Report Sent to Review,RAFAH,EGYPT,,2015-08-21 00:00:00,2015-08-21 00:00:00,,,"A Rocket fall on a house in Rafah, North Sinai.",EGYPT,NORTH SINAI,RAFAH,TERRORISM,SHOOTING
2015-000294,2015-08-28 15:20:00,"BASURTO, JANET",Report Sent to Review,,EGYPT,,2015-08-21 00:00:00,2015-08-20 00:00:00,OPEN SOURCE (ONLINE),,Egyptian security forces reportedly dispersed a MB protest near a textile factory in Minya al-Qamh.,EGYPT,SHARQIA,MINYA AL-QAMH,CIVIL UNREST,PROTEST
2015-000132,2015-08-11 16:59:00,"CAIRO, OPSCENTER",Report Sent to Review,INDUSTRIAL AREA DAMIETTA,EGYPT,,2015-08-08 00:00:00,2015-08-08 00:00:00,,"A massive fire in factory in the industrial area Damietta, Damietta Governorate","A massive fire in factory in the industrial area Damietta, Damietta Governorate.",EGYPT,DAMIETTA,NA,TERRORISM,SMALL-SCALE EXPLOSIVES
2015-000208,2015-08-27 13:30:00,"DAVIS, JERRY",Report Sent to Review,,EGYPT,,2015-08-06 00:00:00,2015-08-06 00:00:00,OPEN SOURCE (ONLINE),,Egyptian military reportedly killed 15 suspected Wilayat Sinai militants in operations in Sheikh Zuweid.,EGYPT,NORTH SINAI,SHEIKH ZUWAYYED,ARMED CONFLICT,MILITARY OFFENSIVE
2015-000338,2015-08-30 15:52:00,"BASURTO, JANET",Report Sent to Review,,EGYPT,,2015-08-28 00:00:00,2015-08-28 00:00:00,OPEN SOURCE (ONLINE),,"MB protest started in Beni Suef, while another was reported on an agricultural road near Hehia.",EGYPT,BENI SUEF,NA,CIVIL UNREST,PROTEST
2015-000241,2015-08-27 18:06:00,"BASURTO, JANET",Report Sent to Review,,EGYPT,,2015-08-24 00:00:00,2015-08-24 00:00:00,OPEN SOURCE (ONLINE),,Hamas holds Egypt responsible for the fate of the four Palestinians kidnapped in Sinai on Aug. 20. Four Palestinians were reportedly members of Hamas' military wing.,EGYPT,NORTH SINAI,NA,MAJOR POLITICAL EVENT,NA
2015-000283,2015-08-28 14:11:00,"BASURTO, JANET",Report Sent to Review,6 OCTOBER CITY,EGYPT,,2015-08-21 00:00:00,2015-08-21 00:00:00,OPEN SOURCE (ONLINE),,Dozens of MB protesters in Gamal Abdel Nasser Street in the 6th Oct. City.,EGYPT,CAIRO,16 OCTOBER CITY,CIVIL UNREST,PROTEST
2015-000144,2015-08-15 04:57:00,"CAIRO, OPSCENTER",Report Sent to Review,AL-HOATEM AREA,EGYPT,,2015-08-15 00:00:00,2015-08-15 00:00:00,OPEN SOURCE (ONLINE),,"A Homemade Bomb exploded at Al-Hoatem area, Fayoum Governorate.",EGYPT,FAYOUM,NA,TERRORISM,BOMBING (OTHER THAN IED)
2015-000232,2015-08-27 17:24:00,"BASURTO, JANET",Report Sent to Review,,EGYPT,,2015-08-25 00:00:00,2015-08-25 00:00:00,OPEN SOURCE (ONLINE),,Reports indicate that the Egyptian air force targeted Rafah. Location was not noted.,EGYPT,NORTH SINAI,RAFAH,ARMED CONFLICT,MILITARY OFFENSIVE
2015-000125,2015-08-10 11:41:00,"CAIRO, OPSCENTER",Report Sent to Review,MENOF HOSPITAL,EGYPT,,2015-08-10 00:00:00,2015-08-10 00:00:00,OPEN SOURCE (ONLINE),,"A massive fire in Menof Hospital, Menof City ,Monufia Governorate",EGYPT,MENOUFIYA,NA,HAZARD,NA
2015-000272,2015-08-28 13:00:00,"DAVIS, JERRY",Report Sent to Review,IMBABA AND HARAM DISTRICTS,EGYPT,,2015-08-14 00:00:00,2015-08-14 00:00:00,OPEN SOURCE (ONLINE),,"Protests held by the Pro-MB Ultra Nahdawy group starting in CAiro's Imbaba district. Another protest held by Pro-MB students was reportedly dispersed on al-Ahram street, in the al-Haram district of Cairo. Security forces are reportedly chasing the students who fled in the streets nearby.",EGYPT,CAIRO,NA,CIVIL UNREST,PROTEST
2015-000329,2015-08-30 14:41:00,"DAVIS, JERRY",Report Sent to Review,SOUTH OF AL-ARISH,EGYPT,,2015-08-29 00:00:00,2015-08-29 00:00:00,OPEN SOURCE (ONLINE),,"Security forces reported uncovered and detonated two IEDS planted on the ring road, south of Al-Arish. Explosions could be heard from the city center.",EGYPT,NORTH SINAI,EL-ARISH,TERRORISM,IED
2015-000324,2015-08-30 12:36:00,"BASURTO, JANET",Report Sent to Review,,EGYPT,,2015-08-28 00:00:00,2015-08-27 00:00:00,OPEN SOURCE (ONLINE),,"Unidentified gunmen reportedly opened fire toward the al-Arish, killing one civilian. WS claimed the attack, further stating it killed an ""army spy"". Security forces are reportedly combing the area to find the gunmen",EGYPT,NORTH SINAI,EL-ARISH,TERRORISM,ARMED ATTACK
2015-000128,2015-08-11 09:04:00,"CAIRO, OPSCENTER",Report Sent to Review,FAIYUM POLICE DEPARTMENT,EGYPT,,2015-08-11 00:00:00,2015-08-11 00:00:00,,,"A bomb exploded Behind Faiyum Police Department, Faiyum Governorate.",EGYPT,FAYOUM,NA,TERRORISM,IED
2015-000228,2015-08-27 09:39:00,"DAVIS, JERRY",Report Sent to Review,6TH OCTOBER CITY AND AL-KHAMAYEL,EGYPT,,2015-08-10 00:00:00,2015-08-10 00:00:00,OPEN SOURCE (ONLINE),,"IED exploded near a security installation in 6 October City. Anothe rIED was also defused by security forces in the al-Khamayel area, west of Cairo. No casualties reported.",EGYPT,CAIRO,16 OCTOBER CITY,TERRORISM,IED
2015-000175,2015-08-26 16:33:00,"ROUFFAUD, LUC",Report Sent to Review,,EGYPT,,2015-08-02 00:00:00,2015-08-02 00:00:00,OPEN SOURCE (ONLINE),,Protest in solidarity with deceased Palestinian baby in Israel.,EGYPT,CAIRO,DOWNTOWN,CIVIL UNREST,DEMONSTRATION
2015-000281,2015-08-28 14:06:00,"BASURTO, JANET",Report Sent to Review,,EGYPT,,2015-08-21 00:00:00,2015-08-21 00:00:00,OPEN SOURCE (ONLINE),,"MB protest started in undisclosed location of Nasr City, likely in the 8th district. No reports of unrest.",EGYPT,CAIRO,NASR CITY,CIVIL UNREST,PROTEST
2015-000202,2015-08-27 13:01:00,"DAVIS, JERRY",Report Sent to Review,TOWN OF NASSER,EGYPT,,2015-08-04 00:00:00,2015-08-04 00:00:00,OPEN SOURCE (ONLINE),,"Brawl broke out between members of the Abu Juma Gamasy clan and another group of people in the town of Nasser, 12 km north of Beni Suef. One person was killed with 3 others injured.",EGYPT,BENI SUEF,NA,CRIME,NA
2015-000189,2015-08-26 17:24:00,"ROUFFAUD, LUC",Report Sent to Review,,EGYPT,,2015-08-06 00:00:00,2015-08-06 00:00:00,OPEN SOURCE (ONLINE),,Airstrikes reportedly killed two children and a tribal sheikh in the al-Arish area. Dozens of civilians were reportedly injured as well.,EGYPT,NORTH SINAI,RAFAH,ARMED CONFLICT,MILITARY OFFENSIVE
2015-000351,2015-08-31 06:34:00,"CAIRO, OPSCENTER",Report Sent to Review,(BENI SUEF – FAYOUM) AGRICULTURE ROAD,EGYPT,,2015-08-31 00:00:00,2015-08-31 00:00:00,,,"Unknown people open fire towards Police Forces at (Beni Suef – Fayoum) agriculture road, Beni suef Governorate.",EGYPT,BENI SUEF,NA,TERRORISM,SHOOTING
2015-000307,2015-08-28 15:46:00,"SIKE, OLIVIA",Report Sent to Review,IN FRONT OF THE JOURNALIST SYNDICATE,EGYPT,,2015-08-17 00:00:00,2015-08-17 00:00:00,OPEN SOURCE (ONLINE),,Localized protest reportedly being held,EGYPT,CAIRO,NA,CIVIL UNREST,PROTEST
2015-000248,2015-08-27 18:46:00,"DAVIS, JERRY",Report Sent to Review,SOUTH OF AL-ARISHE,EGYPT,,2015-08-12 00:00:00,2015-08-12 00:00:00,OPEN SOURCE (ONLINE),,"Security forces arrest a member of Wilayat Sinai, south of Al-Arish.",EGYPT,NORTH SINAI,EL-ARISH,SECURITY FORCES,ARREST
2015-000211,2015-08-27 13:52:00,"DAVIS, JERRY",Report Sent to Review,"6 OCTOBER CITY, 2ND AND 4TH DISTRICTS",EGYPT,,2015-08-07 00:00:00,2015-08-07 00:00:00,OPEN SOURCE (ONLINE),,Hundreds of Pro MB supporters march in 6 October city condemning the Fayoum shooting of 5 suspected MB militants by police.,EGYPT,CAIRO,16 OCTOBER CITY,CIVIL UNREST,MARCH
2015-000249,2015-08-27 18:48:00,"BASURTO, JANET",Report Sent to Review,,EGYPT,,2015-08-24 00:00:00,2015-08-24 00:00:00,,,"Hundreds of police officers who were protesting in front of the Sharqiya Security Directorate in Zagazig reportedly stormed the building demanding better working conditions and wage hikes. A least 4 police officers were reportedly injured after clashes broke out during the protest in Zagazig. Further reports indicate that police forces in Alexandria have declared their support for the protests. At 2:00pm local time, police officers agreed to end their sit-in in front of Sharqiya Security Directorate after being promised that their grievances will be examined by the Minister of Interior before Sept. 5",EGYPT,SHARQIA,ZAGAZIG,CIVIL UNREST,DEMONSTRATION
2015-000107,2015-08-04 15:30:00,"CAIRO, OPSCENTER",Report Sent to Review,GIZA SQUARE,EGYPT,,2015-08-04 00:00:00,2015-08-04 00:00:00,OPEN SOURCE (ONLINE),,"Police Forces defused a Homemade Bomb in front of Al-Istiqamah Mosque at Giza Square, Giza Governorate.",EGYPT,GIZA,GIZA,TERRORISM,BOMB DISCOVERY
2015-000262,2015-08-28 12:35:00,"DAVIS, JERRY",Report Sent to Review,SOUTH OF SHEKH ZUWEID,EGYPT,,2015-08-13 00:00:00,2015-08-13 00:00:00,OPEN SOURCE (ONLINE),,Security Source reported that an Egyptian combat helicopter targeted three ISIS militants traveling in a jeep south of Sheikh Zuweid. Security source claimed there was an anti-aircraft gun mounted on the jeep and that the three militants were killed following the airstrike.,EGYPT,NORTH SINAI,SHEIKH ZUWAYYED,ARMED CONFLICT,MILITARY OFFENSIVE
2015-000332,2015-08-30 13:49:00,"BASURTO, JANET",Report Sent to Review,,EGYPT,,2015-08-28 00:00:00,2015-08-28 00:00:00,OPEN SOURCE (ONLINE),,Localized MB protest reportedly started in Youssef el Sedik. No reports of unrest. Another reported in Difinuu.,EGYPT,FAYOUM,NA,CIVIL UNREST,PROTEST
2015-000134,2015-08-12 13:46:00,"ROUFFAUD, LUC",Report Sent to Review,,EGYPT,,2015-08-12 00:00:00,2015-08-12 00:00:00,OPEN SOURCE (ONLINE),Kidnapping of Croat citizen week before,Croatian citizen working for a French company is beheaded by Wilayet Sinai after being kidnapped. First foreign beheading for the ISIL branch.,EGYPT,NORTH SINAI,NA,OTHER,EXECUTION
2015-000216,2015-08-27 15:49:00,"BASURTO, JANET",Report Sent to Review,NILE DELTA: FAQOUS,EGYPT,,2015-08-27 00:00:00,2015-08-27 00:00:00,OPEN SOURCE (ONLINE),,Local MB protest in Faqous area in the Nile Delta.,EGYPT,NA,NA,CIVIL UNREST,PROTEST
2015-000333,2015-08-30 13:50:00,"BASURTO, JANET",Report Sent to Review,KAFR SAAD,EGYPT,,2015-08-28 00:00:00,2015-08-28 00:00:00,OPEN SOURCE (ONLINE),,"According to Egyptian media outlets 9 prisoners managed to escape from a detention facility in Kafr Saad, south of Damietta. Security forces have reportedly erected numerous checkpoints in the area as they are searching for the prisoners. Security forces are still searching for 5 of the 9 prisoners. One of the prisoners is responsible for the killing of a police officer in Damietta last year.",EGYPT,DAMIETTA,NA,CRIME,NA
2015-000182,2015-08-26 17:03:00,"ROUFFAUD, LUC",Report Sent to Review,,EGYPT,,2015-08-04 00:00:00,2015-08-04 00:00:00,OPEN SOURCE (ONLINE),,masked men opened fire towards a mosque in Kirdasah resulting in two people injured.,EGYPT,GIZA,NA,TERRORISM,ARMED ATTACK
2015-000185,2015-08-26 17:15:00,"ROUFFAUD, LUC",Report Sent to Review,,EGYPT,,2015-08-04 00:00:00,2015-08-04 00:00:00,OPEN SOURCE (ONLINE),,low grade IED diffused outside of istiqma mosque,EGYPT,GIZA,NA,TERRORISM,BOMB DISCOVERY
2015-000181,2015-08-26 17:01:00,"ROUFFAUD, LUC",Report Sent to Review,,EGYPT,,2015-08-04 00:00:00,2015-08-04 00:00:00,OPEN SOURCE (ONLINE),,"IED explodes in a village south of rafah, one child injured",EGYPT,NORTH SINAI,RAFAH,TERRORISM,IED
2015-000316,2015-08-28 16:34:00,"SIKE, OLIVIA",Report Sent to Review,NEAR AL- WASTA NORTH OF BENI SUEF,EGYPT,,2015-08-19 00:00:00,2015-08-19 00:00:00,OPEN SOURCE (ONLINE),,Train traffic reportedly briefly interrupted by tire fires,EGYPT,NA,NA,CIVIL UNREST,NA
2015-000310,2015-08-28 15:58:00,"SIKE, OLIVIA",Report Sent to Review,,EGYPT,,2015-08-18 00:00:00,2015-08-18 00:00:00,OPEN SOURCE (ONLINE),,"Security measures, concern of suspicious item- (was a faulty air conditioning unit)",EGYPT,CAIRO,ZAMALEK,SECURITY FORCES,NA
2015-000201,2015-08-27 12:57:00,"DAVIS, JERRY",Report Sent to Review,VILLAGE OF ABU AERAJ,EGYPT,,2015-08-04 00:00:00,2015-08-04 00:00:00,OPEN SOURCE (ONLINE),,Reports indicate that the Egyptian military killed 12 militants in intensive airstrikes in the village of Abu Aeraj in Southern Sheikh Zuweid.,EGYPT,NORTH SINAI,SHEIKH ZUWAYYED,ARMED CONFLICT,MILITARY OFFENSIVE
2015-000233,2015-08-27 17:27:00,"BASURTO, JANET",Report Sent to Review,KHORSHEID AREA,EGYPT,,2015-08-25 00:00:00,2015-08-25 00:00:00,OPEN SOURCE (ONLINE),,Egyptian media reports that security forces have forcibly dispersed a march of pro-Morsi supporters that commenced from Alexandria's Khorsheid area. Two were arrested.,EGYPT,ALEXANDRIA,NA,CIVIL UNREST,PROTEST
2015-000267,2015-08-28 12:45:00,"DAVIS, JERRY",Report Sent to Review,"NEAR SIWA OASIS, CLOSE TO LIBYAN BORDER",EGYPT,,2015-08-13 00:00:00,2015-08-13 00:00:00,OPEN SOURCE (ONLINE),,"Egyptian helicopter reportedly crashed as it pursued a convoy of several vehicles carrying suspected militants near the Siwa Oasis, near the Libyan border. The military claimed the helicopter crashed due to a technical malfunction, and that several of the vehicles had been destroyed in the clash. Four troops were killed as a result.",EGYPT,NA,NA,HAZARD,VEHICLE ACCIDENT
2015-000267,2015-08-28 12:45:00,"DAVIS, JERRY",Report Sent to Review,"NEAR SIWA OASIS, CLOSE TO LIBYAN BORDER",EGYPT,,2015-08-13 00:00:00,2015-08-13 00:00:00,OPEN SOURCE (ONLINE),,"Egyptian helicopter reportedly crashed as it pursued a convoy of several vehicles carrying suspected militants near the Siwa Oasis, near the Libyan border. The military claimed the helicopter crashed due to a technical malfunction, and that several of the vehicles had been destroyed in the clash. Four troops were killed as a result.",EGYPT,NA,NA,ARMED CONFLICT,MILITARY OFFENSIVE
2015-000187,2015-08-26 17:19:00,"ROUFFAUD, LUC",Report Sent to Review,,EGYPT,,2015-08-05 00:00:00,2015-08-05 00:00:00,OPEN SOURCE (ONLINE),,airstrikes targeted explosive devices near a stadium in al-Arish. The strikes reportedly led to a massive explosion that resulted in no casualties.,EGYPT,NORTH SINAI,EL-ARISH,ARMED CONFLICT,MILITARY OFFENSIVE
2015-000330,2015-08-30 13:45:00,"BASURTO, JANET",Report Sent to Review,MIT GHAMR,EGYPT,,2015-08-28 00:00:00,2015-08-28 00:00:00,OPEN SOURCE (ONLINE),,MB protest reportedly started in Mit Ghamr,EGYPT,DAKHALIYA,NA,CIVIL UNREST,PROTEST
2015-000282,2015-08-28 14:08:00,"BASURTO, JANET",Report Sent to Review,,EGYPT,,2015-08-21 00:00:00,2015-08-21 00:00:00,OPEN SOURCE (ONLINE),,"MB protest reportedly started in Cairo, in front of the Rahman Mosque in Matariyya. No reports of unrest.",EGYPT,CAIRO,MATARIYYAH,CIVIL UNREST,PROTEST
2015-000236,2015-08-27 17:46:00,"BASURTO, JANET",Report Sent to Review,,EGYPT,,2015-08-25 00:00:00,2015-08-25 00:00:00,OPEN SOURCE (ONLINE),,"IED detonated near an armored vehicle along al-Arish Fountain Street, near a KFC restaurant. One conscript and three civilians were injured. Al-Jazeera reported that WS claimed responsibility.",EGYPT,NORTH SINAI,EL-ARISH,TERRORISM,IED
2015-000177,2015-08-26 16:40:00,"ROUFFAUD, LUC",Report Sent to Review,,EGYPT,,2015-08-02 00:00:00,2015-08-02 00:00:00,OPEN SOURCE (ONLINE),,Student demonstration in front of the ministry of education in Bab-al-louq neighborhood of cairo,EGYPT,CAIRO,NA,CIVIL UNREST,DEMONSTRATION
2015-000347,2015-08-31 09:58:00,"BASURTO, JANET",Report Sent to Review,AL AHRAM,EGYPT,,2015-08-31 00:00:00,2015-08-30 00:00:00,OPEN SOURCE (ONLINE),,MB protest reportedly held along Cairo's al-Ahram street overnight.,EGYPT,CAIRO,NA,CIVIL UNREST,MARCH
2015-000276,2015-08-28 13:35:00,"DAVIS, JERRY",Report Sent to Review,MINYA CENTRAL POLICE STATION,EGYPT,,2015-08-15 00:00:00,2015-08-15 00:00:00,OPEN SOURCE (ONLINE),,An unknown assailant riding a motorcycle opened fire on the Minya Central Police Station and fled the scene.,EGYPT,MINYA,NA,TERRORISM,SHOOTING
2015-000352,2015-09-01 02:18:00,"CAIRO, OPSCENTER",Report Sent to Review,NASR CITY,EGYPT,,2015-08-28 00:00:00,2015-08-28 00:00:00,OPEN SOURCE (ONLINE),,"Demonstrations by Morsi Supporters in Nasr City and Lead to Traffic jam, Cairo.",EGYPT,CAIRO,NASR CITY,CIVIL UNREST,DEMONSTRATION
2015-000198,2015-08-27 12:38:00,"DAVIS, JERRY",Report Sent to Review,SHEIKH ZUWEID,EGYPT,,2015-08-03 00:00:00,2015-08-03 00:00:00,,,Six militants were killed in an Apache helicopter airstrike in the Sheikh Zuweid area.,EGYPT,NA,NA,SECURITY FORCES,NA
2015-000303,2015-08-28 15:39:00,"DAVIS, JERRY",Report Sent to Review,"BETWEEN ZAGAZIG AND TANTA, NEAR THE VILLAGE OF SHIBAH",EGYPT,,2015-08-16 00:00:00,2015-08-16 00:00:00,OPEN SOURCE (ONLINE),,The train traffic between Zagazig and Tanta was reportedly interrupted following the explosion of an IED along the train tracks near the village of Shibah.,EGYPT,NA,NA,TERRORISM,IED
2015-000303,2015-08-28 15:39:00,"DAVIS, JERRY",Report Sent to Review,"BETWEEN ZAGAZIG AND TANTA, NEAR THE VILLAGE OF SHIBAH",EGYPT,,2015-08-16 00:00:00,2015-08-16 00:00:00,OPEN SOURCE (ONLINE),,The train traffic between Zagazig and Tanta was reportedly interrupted following the explosion of an IED along the train tracks near the village of Shibah.,EGYPT,NA,NA,TERRORISM,INFRASTRUCTURE SABOTAGE
2015-000115,2015-08-07 07:34:00,"CAIRO, OPSCENTER",Report Sent to Review,"MATARIA SQUARE, MATARIA, CAIRO.",EGYPT,,2015-08-07 07:34:00,2015-08-07 00:00:00,OPEN SOURCE (ONLINE),,"Demonstrations by Morsi Supporters in Mataria Square, Mataria, Cairo.",EGYPT,CAIRO,MATARIYYAH,CIVIL UNREST,DEMONSTRATION
2015-000331,2015-08-30 14:46:00,"DAVIS, JERRY",Report Sent to Review,TUNNEL EAST OF KHAN YUNIS,EGYPT,,2015-08-29 00:00:00,2015-08-29 00:00:00,OPEN SOURCE (ONLINE),,"Local sources indicate that Ghalban Faraj, age 23, was killed when a tunnel east of Khan Yunis collapsed. A tunnel accident along the Israeli border is notable, as these tunnels are likely being built and maintained in preparation for a future conflict with Israel. Location of the tunnel collapse is in the vicinity of reported incursions by the Israeli military last night.",EGYPT,NORTH SINAI,NA,HAZARD,NA
2015-000171,2015-08-25 15:46:00,"CAIRO, OPSCENTER",Report Sent to Review,A POWER ADAPTER,EGYPT,,2015-08-25 00:00:00,2015-08-25 00:00:00,OPEN SOURCE (ONLINE),,"A Massive fire in A Power Adapter At Yousef Village, Abou Hamad City, Sharqia Governorate.",EGYPT,SHARQIA,ABU HAMMAD,HAZARD,NA
2015-000299,2015-08-28 15:31:00,"SIKE, OLIVIA",Report Sent to Review,,EGYPT,,2015-08-17 00:00:00,2015-08-17 00:00:00,OPEN SOURCE (ONLINE),,"Expect traffic disruptions, elevated security following funeral of President Sisi's mother",EGYPT,CAIRO,NASR CITY,CIVIL UNREST,ROAD BLOCK
2015-000225,2015-08-27 09:27:00,"DAVIS, JERRY",Report Sent to Review,,EGYPT,,2015-08-10 00:00:00,2015-08-09 00:00:00,OPEN SOURCE (ONLINE),,Wilayat Sinai militants stormed the home of Sheikh Issa al-Kharafeen of the Armilat Tribe in Rafah area on 9 August. The home was completely destroyed.,EGYPT,NORTH SINAI,RAFAH,TERRORISM,ARMED ATTACK
2015-000302,2015-08-28 15:37:00,"DAVIS, JERRY",Report Sent to Review,"ASSYUT STREET AND FOUNTAIN STREET, NEAR THE 3RD POLICE DEPARTMENT",EGYPT,,2015-08-16 00:00:00,2015-08-16 00:00:00,OPEN SOURCE (ONLINE),,"Egyptian security forces diffused at least three IEDs on Assyut street and Fountain street, near the 3rd Police Department.",EGYPT,NORTH SINAI,EL-ARISH,TERRORISM,IED
2015-000349,2015-08-31 10:06:00,"BASURTO, JANET",Report Sent to Review,,EGYPT,,2015-08-31 00:00:00,2015-08-31 00:00:00,,,"Unidentified gunmen reportedly opened fire toward a group of police officers and soldiers in the village of Ahnasia, in the Beni Suef governorate. A police officer and three soldiers were reportedly injured.",EGYPT,BENI SUEF,NA,TERRORISM,SHOOTING
2015-000162,2015-08-19 11:50:00,"CAIRO, OPSCENTER",Report Sent to Review,ORABI BRIDGE,EGYPT,,2015-08-19 00:00:00,2015-08-19 00:00:00,OPEN SOURCE (ONLINE),,"Orabi bridge will be close on Friday from 12:00 AM to 5:00 AM to Make march bridge At El Mohandseen, Giza .",EGYPT,GIZA,MOHANDESEEN,OTHER,NA
2015-000252,2015-08-27 19:25:00,"BASURTO, JANET",Report Sent to Review,,EGYPT,,2015-08-23 00:00:00,2015-08-23 00:00:00,PERSONAL CONTACT,,An anonymous security source reported that army forces kiled two militants of WS and arrested eight others wile carrying out an operation to foil an attack south of Arish airport.,EGYPT,NORTH SINAI,EL-ARISH,ARMED CONFLICT,MILITANCY
2015-000190,2015-08-27 02:14:00,"CAIRO, OPSCENTER",Report Sent to Review,EL-MAHALLA EL-KUBRA CITY,EGYPT,,2015-08-26 00:00:00,2015-08-26 00:00:00,OPEN SOURCE (ONLINE),,"A Massive fire in Baladeyet El Mahalla club, El-Mahalla El-Kubra City, El-Mahalla Governorate.",EGYPT,GHARBIA,NA,HAZARD,NA
2015-000158,2015-08-18 12:44:00,"CAIRO, OPSCENTER",Report Sent to Review,HELWAN AREA,EGYPT,,2015-08-18 00:00:00,2015-08-18 00:00:00,OPEN SOURCE (ONLINE),,"A Homemade Bomb exploded beside a car belong to a Police officer at Helwan area, Cairo Governorate.",EGYPT,CAIRO,HELWAN,TERRORISM,BOMBING (OTHER THAN IED)
2015-000172,2015-08-26 02:26:00,"CAIRO, OPSCENTER",Report Sent to Review,AL-BOSTA ST. AT AL - ARISH CITY,EGYPT,,2015-08-26 00:00:00,2015-08-26 00:00:00,OPEN SOURCE (ONLINE),,"Unknown people open fire towards two Policemen in Al-Bosta St. at AL-Arish City, North Sinai .",EGYPT,NORTH SINAI,EL-ARISH,TERRORISM,ARMED ATTACK
2015-000199,2015-08-27 12:41:00,"DAVIS, JERRY",Report Sent to Review,CAIRO - AL MARG,EGYPT,,2015-08-03 00:00:00,2015-08-03 00:00:00,OPEN SOURCE (ONLINE),,A brawl reportedly broke out between two groups of people along ibrahim street in Northeastern Cairo's al-Marg area. Several firearms were discharged during the brawl. Security forces dispersed the violence. Nine people were injured.,EGYPT,NA,NA,CRIME,NA
2015-000280,2015-08-28 14:02:00,"BASURTO, JANET",Report Sent to Review,IMBABA,EGYPT,,2015-08-21 00:00:00,2015-08-21 00:00:00,OPEN SOURCE (ONLINE),,Dozens of Muslim Brotherhood protesters began marching from Imbaba's Ahmed Oraby Street near Mohandeseen.,EGYPT,GIZA,GIZA,CIVIL UNREST,PROTEST
2015-000235,2015-08-27 17:42:00,"BASURTO, JANET",Report Sent to Review,,EGYPT,,2015-08-25 00:00:00,2015-08-25 00:00:00,OPEN SOURCE (ONLINE),,"Major water pipe burst on Abu Bakr a-Sadik Street in New Cairo, resulting in the street's flooding. Maintenance teams were sent to fix the pipe.",EGYPT,CAIRO,NEW CAIRO 1,HAZARD,FLOODING
2015-000203,2015-08-27 13:06:00,"DAVIS, JERRY",Report Sent to Review,ISTIQMA MOSQUE,EGYPT,,2015-08-05 00:00:00,2015-08-05 00:00:00,OPEN SOURCE (ONLINE),,Low grade IED diffused outside of Giza's Istiqma Mosque,EGYPT,GIZA,GIZA,TERRORISM,IED
2015-000306,2015-08-28 15:45:00,"DAVIS, JERRY",Report Sent to Review,ROAD NEAR RAFAH,EGYPT,,2015-08-16 00:00:00,2015-08-16 00:00:00,OPEN SOURCE (ONLINE),,"Egyptian media outlets report that three bodies, two of them beheaded, were found on a road in Rafah.",EGYPT,NORTH SINAI,RAFAH,CRIME,MURDER
2015-000184,2015-08-26 17:09:00,"ROUFFAUD, LUC",Report Sent to Review,,EGYPT,,2015-08-04 00:00:00,2015-08-04 00:00:00,OPEN SOURCE (ONLINE),,Shelling in the village of al-Nuqata'ah south of Rafah from Egyptian military,EGYPT,NORTH SINAI,RAFAH,ARMED CONFLICT,MILITARY OFFENSIVE
2015-000112,2015-08-07 11:51:00,"CAIRO, OPSCENTER",Report Sent to Review,"AL MASSARA AREA, HELWAN CITY, CAIR",EGYPT,,2015-08-06 00:00:00,2015-08-06 00:00:00,OPEN SOURCE (ONLINE),,"Unknown people open fire towards a policeman at Al Massara Area, Helwan City, Cairo.",EGYPT,CAIRO,HELWAN,TERRORISM,SHOOTING
2015-000174,2015-08-26 16:30:00,"ROUFFAUD, LUC",Report Sent to Review,,EGYPT,,2015-08-01 00:00:00,2015-08-01 00:00:00,OPEN SOURCE (ONLINE),,Egyptian special forces killed WS commander Salim al-Haram in a security raid in Sheikh Zuweid,EGYPT,NORTH SINAI,SHEIKH ZUWAYYED,ARMED CONFLICT,MILITARY OFFENSIVE
2015-000258,2015-08-28 04:06:00,"CAIRO, OPSCENTER",Report Sent to Review,TAHTA CITY,EGYPT,,2015-08-28 00:00:00,2015-08-28 00:00:00,OPEN SOURCE (ONLINE),,"Unknown people open fire towards A Policeman in Tahta City, Suhag Governorate.",EGYPT,SOHAG,TAHTA,TERRORISM,SHOOTING
2015-000130,2015-08-11 16:48:00,"CAIRO, OPSCENTER",Report Sent to Review,EL SALAM,EGYPT,,2015-08-09 00:00:00,2015-08-09 00:00:00,OPEN SOURCE (ONLINE),,"An Armed attack on Police Forces in El Salam City, Suez Governorate.",EGYPT,SUEZ,NA,CRIME,ARMED ROBBERY
2015-000133,2015-08-12 05:10:00,"CAIRO, OPSCENTER",Report Sent to Review,IN AL QASHTY ST,EGYPT,,2015-08-12 00:00:00,2015-08-12 00:00:00,OPEN SOURCE (ONLINE),,"Three bombs exploded and the policemen defused another bomb in Al Qashty St., Tanta city ,Gharbia Governorate.",EGYPT,GHARBIA,TANTA,TERRORISM,BOMBING (OTHER THAN IED)
2015-000243,2015-08-27 18:09:00,"BASURTO, JANET",Report Sent to Review,,EGYPT,,2015-08-24 00:00:00,2015-08-24 00:00:00,OPEN SOURCE (ONLINE),,"According to local sources, security forces killed two militants belonging to the ISIS-affiliated WS and arrested 8 others in a farm near al-Arish airport.",EGYPT,NORTH SINAI,EL-ARISH,SECURITY FORCES,ARREST
2015-000253,2015-08-27 20:02:00,"BASURTO, JANET",Report Sent to Review,,EGYPT,,2015-08-23 00:00:00,2015-08-23 00:00:00,OPEN SOURCE (ONLINE),,Protest at the Journalism syndicate headquarters. No unrest reported.,EGYPT,CAIRO,DOWNTOWN,CIVIL UNREST,PROTEST
2015-000155,2015-08-17 19:02:00,"CAIRO, OPSCENTER",Report Sent to Review,EL ZAFARANA -GHARIB,EGYPT,,2015-08-18 00:00:00,2015-08-18 00:00:00,OPEN SOURCE (ONLINE),,"Crash Bus in (El Zafarana -Gharib )route, Red Sea Governorate.",EGYPT,RED SEA,HURGHADA,TERRORISM,SHOOTING
2015-000180,2015-08-26 16:59:00,"ROUFFAUD, LUC",Report Sent to Review,SOUTH SHEIKH ZUWEID,EGYPT,,2015-08-04 00:00:00,2015-08-04 00:00:00,OPEN SOURCE (ONLINE),,Airstrikes kill eight militants south of sheikh zuweid with an apache egyptian military helicopter,EGYPT,NORTH SINAI,SHEIKH ZUWAYYED,ARMED CONFLICT,MILITARY OFFENSIVE
2015-000223,2015-08-27 09:22:00,"DAVIS, JERRY",Report Sent to Review,"VILLAGE OF A-TOMMAH, SOUTH OF SHEIKH ZUWEID",EGYPT,,2015-08-10 00:00:00,2015-08-10 00:00:00,OPEN SOURCE (ONLINE),,"Six Jihadists killed in Sheikh Zuweid area in airstrikes, overnight. The militants were killed by Apache helicopter strikes while riding three motorcycles.",EGYPT,NORTH SINAI,SHEIKH ZUWAYYED,ARMED CONFLICT,MILITARY OFFENSIVE
2015-000318,2015-08-28 16:43:00,"SIKE, OLIVIA",Report Sent to Review,MOHAMMED MAHMOUD STREET,EGYPT,,2015-08-19 00:00:00,2015-08-19 00:00:00,OPEN SOURCE (ONLINE),,An explosive device has been reported near the American University,EGYPT,CAIRO,NA,TERRORISM,BOMB DISCOVERY
2015-000231,2015-08-27 17:15:00,"BASURTO, JANET",Report Sent to Review,,EGYPT,,2015-08-25 00:00:00,2015-08-25 00:00:00,OPEN SOURCE (ONLINE),,Clashes broke out between residents and security forces on Sudan Street in Giza's Boulaq a-Dakrour area over sudden change to the list of residents entitled to housing priviledges. The clashes reportedly included gunfire.,EGYPT,GIZA,GIZA,CIVIL UNREST,SECURITY CLASHES
2015-000168,2015-08-24 14:16:00,"CAIRO, OPSCENTER",Report Sent to Review,EL-ARISH,EGYPT,,2015-08-24 00:00:00,2015-08-24 00:00:00,OPEN SOURCE (ONLINE),,"A bomb exploded in an armored vehicle at AL-Arish City, North Sinai .",EGYPT,NORTH SINAI,EL-ARISH,TERRORISM,BOMBING (OTHER THAN IED)
2015-000096,2015-08-02 00:21:00,"CAIRO, OPSCENTER",Report Sent to Review,SEEDY MUOBARAK,EGYPT,,2015-08-02 00:00:00,2015-08-02 00:00:00,,,"There is a Blast in water pipe in front of Seedy Muobarak City, Kafr el-Sheikh Governorate.",EGYPT,KAFR EL-SHEIKH,KAFR EL-SHEIKH,OTHER,EXECUTION
2015-000340,2015-08-30 16:01:00,"BASURTO, JANET",Report Sent to Review,,EGYPT,,2015-08-30 00:00:00,2015-08-30 00:00:00,OPEN SOURCE (ONLINE),,MB protest reportedly started in Kafr Saad south of Damietta. Another localized MB protest also started in Dimayrah.,EGYPT,DAMIETTA,NA,CIVIL UNREST,PROTEST
2015-000255,2015-08-27 20:19:00,"BASURTO, JANET",Report Sent to Review,,EGYPT,,2015-08-23 00:00:00,2015-08-23 00:00:00,OPEN SOURCE (ONLINE),,"A solider was reportedly killed and at least three others wounded following a militant attack against an Egyptian armored vehicle in Karm al-Qawadees, a military checkpoint. WS claimed responsibility.",EGYPT,NORTH SINAI,EL-ARISH,TERRORISM,ARMED ATTACK
2015-000114,2015-08-07 11:54:00,"CAIRO, OPSCENTER",Report Sent to Review,"EL SHABAB AREA, AL-OBOUR CITY, CAIRO",EGYPT,,2015-08-07 00:00:00,2015-08-07 00:00:00,OPEN SOURCE (ONLINE),,"A massive fire in Sponge factory in El Shabab Area, Al-Obour City, Cairo",EGYPT,CAIRO,OBOUR,OTHER,NA
2015-000259,2015-08-28 12:25:00,"BASURTO, JANET",Report Sent to Review,"NEAR PALM PLAZA HOTEL, ON INTERNATIONAL COASTAL ROAD",EGYPT,,2015-08-23 00:00:00,2015-08-23 00:00:00,OPEN SOURCE (ONLINE),,"IED detonated near a police vehicle deployed near the Palm Plaza hotel, west of Arish on the international coastal road. WS claimed responsibility for the IED attack near the Palm Plaza hotel in Arish. The group claimed it fired two Katyusha rockets against the headquarter of the 101 Battalion. Not confirmed.",EGYPT,NORTH SINAI,EL-ARISH,TERRORISM,IED
2015-000140,2015-08-14 06:40:00,"CAIRO, OPSCENTER",Report Sent to Review,KAFR EL DWAR,EGYPT,,2015-08-14 00:00:00,2015-08-14 00:00:00,OPEN SOURCE (ONLINE),,"Police Forces defused A Homemade Bomb beside Bridge El Hawees Kafr El Dwar City , Beheira Governorate.",EGYPT,BEHEIRA,KAFR AL-DAWWAR,TERRORISM,BOMB DISCOVERY
2015-000292,2015-08-28 15:07:00,"BASURTO, JANET",Report Sent to Review,BELQAS,EGYPT,,2015-08-21 00:00:00,2015-08-21 00:00:00,OPEN SOURCE (ONLINE),,MB protests held a localized human chain protest on a road near the entrance to Belqas. There are no reports of unrest.,EGYPT,DAKHALIYA,NA,CIVIL UNREST,PROTEST
2015-000315,2015-08-28 16:25:00,"SIKE, OLIVIA",Report Sent to Review,,EGYPT,,2015-08-19 00:00:00,2015-08-19 00:00:00,OPEN SOURCE (ONLINE),,US reportedly considering pulling out the 700 american soldiers present among the Multinational Force and Observers (MFO),EGYPT,NORTH SINAI,NA,MAJOR POLITICAL EVENT,NA
2015-000105,2015-08-04 03:26:00,"CAIRO, OPSCENTER",Report Sent to Review,"MOHANDSEEN TO THE TURN OF AHMED ORABI ST BECAUSE CAR FIRE , GIZA GOVERNORATE.",EGYPT,,2015-08-04 00:00:00,2015-08-04 00:00:00,OPEN SOURCE (ONLINE),,"Traffic jam over 6th of October Bridge from Mohandseen to the turn of Ahmed Orabi ST because car fire , Giza Governorate.",EGYPT,GIZA,MOHANDESEEN,HAZARD,NA
2015-000218,2015-08-27 08:57:00,"DAVIS, JERRY",Report Sent to Review,SHEEMI VILLAGE,EGYPT,,2015-08-08 00:00:00,2015-08-08 00:00:00,OPEN SOURCE (ONLINE),,Makeshift bomb slated to target security patrol in Fayoum area defused.,EGYPT,FAYOUM,NA,TERRORISM,BOMB DISCOVERY
2015-000270,2015-08-28 12:56:00,"DAVIS, JERRY",Report Sent to Review,NEAR THE ALI DISTRICT OF RAFAH,EGYPT,,2015-08-14 00:00:00,2015-08-14 00:00:00,OPEN SOURCE (ONLINE),,Egyptian military reportedly carried out an airstrike near the Ali district in Rafah. No casualties reported.,EGYPT,NORTH SINAI,RAFAH,ARMED CONFLICT,MILITARY OFFENSIVE
2015-000314,2015-08-28 16:21:00,"SIKE, OLIVIA",Report Sent to Review,,EGYPT,,2015-08-19 00:00:00,2015-08-19 00:00:00,OPEN SOURCE (ONLINE),,An IED was reportedly defused near the governor's house by security forces. There were no reported injuries.,EGYPT,FAYOUM,NA,TERRORISM,IED
2015-000143,2015-08-14 11:00:00,"CAIRO, OPSCENTER",Report Sent to Review,"EL MOHAOLAT ST, EL HARM AREA, GIZA GOVERNORATE.",EGYPT,,2015-08-14 00:00:00,2015-08-14 00:00:00,OPEN SOURCE (ONLINE),,"Violent Clashes between Police Forces and Morsi Supporters in El Mohaolat St, El Harm area, Giza Governorate.",EGYPT,GIZA,GIZA,HAZARD,NA
2015-000143,2015-08-14 11:00:00,"CAIRO, OPSCENTER",Report Sent to Review,"EL MOHAOLAT ST, EL HARM AREA, GIZA GOVERNORATE.",EGYPT,,2015-08-14 00:00:00,2015-08-14 00:00:00,OPEN SOURCE (ONLINE),,"Violent Clashes between Police Forces and Morsi Supporters in El Mohaolat St, El Harm area, Giza Governorate.",EGYPT,GIZA,GIZA,HAZARD,NA
2015-000136,2015-08-12 22:42:00,"CAIRO, OPSCENTER",Report Sent to Review,ATTABA,EGYPT,,2015-08-13 00:00:00,2015-08-13 00:00:00,,,"A massive fire in Central Attaba Cairo City ,Cairo Governorate .",EGYPT,CAIRO,AL-MUSKI,TERRORISM,THREAT
2015-000122,2015-08-09 07:34:00,"CAIRO, OPSCENTER",Report Sent to Review,"AT 6TH OF OCTOBER CITY, CAIRO",EGYPT,,2015-08-09 00:00:00,2015-08-09 00:00:00,OPEN SOURCE (ONLINE),,"A massive fire in a paints plant at 6th of October city, Cairo",EGYPT,GIZA,6TH OCTOBER CITY,OTHER,NA
2015-000313,2015-08-28 16:13:00,"SIKE, OLIVIA",Report Sent to Review,,EGYPT,,2015-08-19 00:00:00,2015-08-19 00:00:00,OPEN SOURCE (ONLINE),,An IED detonated near the office of the Interior Minister assistant's office causing no injuries or damage.Two other homemade bombs,EGYPT,ASYUT,NA,TERRORISM,IED
2015-000111,2015-08-06 13:40:00,"CAIRO, OPSCENTER",Report Sent to Review,"AL SHEIKH ZUWAID CITY , SINAI.",EGYPT,,2015-08-06 00:00:00,2015-08-06 00:00:00,OPEN SOURCE (ONLINE),,"Unknown people open fire towards a police Ambush at Al Sheikh Zuwaid city , Sinai.",EGYPT,NORTH SINAI,SHEIKH ZUWAYYED,TERRORISM,SHOOTING
2015-000142,2015-08-14 06:45:00,"CAIRO, OPSCENTER",Report Sent to Review,LUXOR,EGYPT,,2015-08-14 00:00:00,2015-08-14 00:00:00,OPEN SOURCE (ONLINE),,"Police Forces defused A Homemade Bomb near to nofotel square Luxor City , Luxor Governorate.",EGYPT,LUXOR,NA,TERRORISM,BOMB DISCOVERY
2015-000312,2015-08-28 16:06:00,"SIKE, OLIVIA",Report Sent to Review,"SOUTH OF RAFAH, ROAD BETWEEN AL-JURA AND SHEIKH ZUWEID",EGYPT,,2015-08-19 00:00:00,2015-08-19 00:00:00,OPEN SOURCE (ONLINE),,ISIS claims IED attacks against Egyptian troop carrier,EGYPT,NA,NA,TERRORISM,IED
2015-000238,2015-08-27 17:59:00,"BASURTO, JANET",Report Sent to Review,,EGYPT,,2015-08-24 00:00:00,2015-08-24 00:00:00,OPEN SOURCE (ONLINE),,"Egyptian media outlets reported an IED exploded and destroyed an electricity tower near Belbeis in the Sharqiya governorate, while three others were defused by security forces.",EGYPT,SHARQIA,BILBEIS,TERRORISM,IED
2015-000109,2015-08-06 10:23:00,"CAIRO, OPSCENTER",Report Sent to Review,"IN FRONT OF DREAM LAND ÁREA,6TH OF OCTOBER CITY, GIZA.",EGYPT,,2015-08-06 00:00:00,2015-08-06 00:00:00,OPEN SOURCE (ONLINE),,"An accident led to Traffic jam on Al Wahat road in front of Dream Land Área,6th of October city, Giza.",EGYPT,GIZA,6TH OCTOBER CITY,CIVIL UNREST,ROAD BLOCK
2015-000326,2015-08-30 12:59:00,"BASURTO, JANET",Report Sent to Review,6* OCTOBER,EGYPT,,2015-08-28 00:00:00,2015-08-27 00:00:00,,,Overnight hours. Localized MB protest held in the first district of the 6th of October. There were no reports of unrest.,EGYPT,CAIRO,16 OCTOBER CITY,CIVIL UNREST,PROTEST
2015-000123,2015-08-10 00:05:00,"CAIRO, OPSCENTER",Report Sent to Review,"SOHAG ROUTE, RED SEA GOVERNORATE.",EGYPT,,2015-08-10 00:00:00,2015-08-10 00:00:00,,,"Crash cars in Sohag route, Red Sea Governorate.",EGYPT,RED SEA,NA,HAZARD,NA
2015-000337,2015-08-30 15:32:00,"DAVIS, JERRY",Report Sent to Review,"SAMALUT, MINYA",EGYPT,,2015-08-30 00:00:00,2015-08-30 00:00:00,OPEN SOURCE (ONLINE),,Police officer kills civilian after he refuses to present his ID overnight in Samalut.,EGYPT,MINYA,SAMALUT,OTHER,EXECUTION
2015-000226,2015-08-27 09:33:00,"DAVIS, JERRY",Report Sent to Review,JOURNALIST SYNDICATE,EGYPT,,2015-08-10 00:00:00,2015-08-10 00:00:00,OPEN SOURCE (ONLINE),,Hundreds of employees at Egypt's Tax Authority gather in front of Journalist Syndicate in Cairo to protest the new Civil Service Bill.,EGYPT,CAIRO,DOWNTOWN,CIVIL UNREST,PROTEST
2015-000186,2015-08-26 17:16:00,"ROUFFAUD, LUC",Report Sent to Review,ABU ARAG,EGYPT,,2015-08-05 00:00:00,2015-08-05 00:00:00,OPEN SOURCE (ONLINE),,Airstrikes killed 7 members of a family in sheikh zuweid.,EGYPT,NORTH SINAI,SHEIKH ZUWAYYED,ARMED CONFLICT,MILITARY OFFENSIVE
2015-000260,2015-08-28 12:28:00,"DAVIS, JERRY",Report Sent to Review,,EGYPT,,2015-08-12 00:00:00,2015-08-12 00:00:00,OPEN SOURCE (ONLINE),,"Explosion and gunfire heard near Al-Arish as a result of security forces, who were guarding a nearby checkpoint, opening fire toward a suspicious vehicle that was approaching.",EGYPT,NORTH SINAI,EL-ARISH,ARMED CONFLICT,VIOLENT CLASHES
2015-000138,2015-08-13 01:52:00,"CAIRO, OPSCENTER",Report Sent to Review,"MONIB DIRECTION FROM MARYOTIA, GIZA.",EGYPT,,2015-08-13 00:00:00,2015-08-13 00:00:00,,,"An accident led to Traffic jam on the Ring Road in Monib Direction from Maryotia, Giza.",EGYPT,GIZA,NA,HAZARD,VEHICLE ACCIDENT
2015-000151,2015-08-17 13:53:00,"CAIRO, OPSCENTER",Report Sent to Review,EL NASIRIYA AREA,EGYPT,,2015-08-17 00:00:00,2015-08-17 00:00:00,OPEN SOURCE (ONLINE),,"Police Forces defused bomb at EL Nasiriya area , Aswan Governorate",EGYPT,ASWAN,NA,TERRORISM,BOMB DISCOVERY
2015-000196,2015-08-27 12:07:00,"DAVIS, JERRY",Report Sent to Review,PORTO SOKHNA BEACH RESORT,EGYPT,,2015-08-02 00:00:00,2015-08-02 00:00:00,OPEN SOURCE (ONLINE),,Fire erupted in the Porto Soukhna beach resort in the Suez Governorate.,EGYPT,NA,NA,HAZARD,NA
2015-000256,2015-08-27 13:48:00,"DAVIS, JERRY",Report Sent to Review,CAIRO'S ALF MASKAN AREA,EGYPT,,2015-08-12 00:00:00,2015-08-12 00:00:00,OPEN SOURCE (ONLINE),,Members of Pro-MB Ultras Nahdawy set fire to tires in Cairo's Alf Maskan area.,EGYPT,CAIRO,NA,CIVIL UNREST,ROAD BLOCK
2015-000278,2015-08-28 13:43:00,"BASURTO, JANET",Report Sent to Review,,EGYPT,,2015-08-21 00:00:00,2015-08-21 00:00:00,OPEN SOURCE (ONLINE),,"Two civilians were injured, one critically, when a mortar hit a house near the CSF camp on the Western outskirts of Arish.",EGYPT,NORTH SINAI,EL-ARISH,ARMED CONFLICT,ROCKET ATTACK
2015-000188,2015-08-26 17:22:00,"ROUFFAUD, LUC",Report Sent to Review,INTERNATIONAL COASTAL ROAD,EGYPT,,2015-08-06 00:00:00,2015-08-06 00:00:00,OPEN SOURCE (ONLINE),,five IEDs exploded on the international coastal road in al-Arish. They targeted an armored personnel carrier but the blasts led to no injuries.,EGYPT,NORTH SINAI,EL-ARISH,TERRORISM,IED
2015-000301,2015-08-28 15:34:00,"DAVIS, JERRY",Report Sent to Review,"INTERNATIONAL ROAD, WEST OF RAFAH",EGYPT,,2015-08-15 00:00:00,2015-08-15 00:00:00,OPEN SOURCE (ONLINE),,"Egyptian media outlets are reporting that bomb squads have defused three IEDs that were planted on the International Road west of Rafah, near the Sadout checkpoint.",EGYPT,NORTH SINAI,NA,TERRORISM,IED
2015-000220,2015-08-27 16:07:00,"BASURTO, JANET",Report Sent to Review,,EGYPT,,2015-08-26 00:00:00,2015-08-26 00:00:00,OPEN SOURCE (ONLINE),,A tribal elder was reportedly shot outside of his home in al-Arish in the Sinai.,EGYPT,NORTH SINAI,EL-ARISH,TERRORISM,SHOOTING
2015-000183,2015-08-26 17:05:00,"ROUFFAUD, LUC",Report Sent to Review,,EGYPT,,2015-08-04 00:00:00,2015-08-04 00:00:00,OPEN SOURCE (ONLINE),,Family of five killed in shelling from militants into a home in sheikh zuweid,EGYPT,NORTH SINAI,SHEIKH ZUWAYYED,ARMED CONFLICT,MILITARY OFFENSIVE
2015-000230,2015-08-27 09:44:00,"DAVIS, JERRY",Report Sent to Review,,EGYPT,,2015-08-10 00:00:00,2015-08-10 00:00:00,OPEN SOURCE (ONLINE),,"Security forces arrest high-ranking member, Ahmed Faiz, of ISIS affiliate, Walayat Sinai, in al-Arish.",EGYPT,NORTH SINAI,EL-ARISH,SECURITY FORCES,ARREST
2015-000346,2015-08-31 09:54:00,"BASURTO, JANET",Report Sent to Review,ABU SULEIMAN,EGYPT,,2015-08-30 00:00:00,2015-08-30 00:00:00,OPEN SOURCE (ONLINE),,MB march held in Alexandria's Abu Suleiman area.,EGYPT,ALEXANDRIA,NA,CIVIL UNREST,DEMONSTRATION
2015-000346,2015-08-31 09:54:00,"BASURTO, JANET",Report Sent to Review,ABU SULEIMAN,EGYPT,,2015-08-30 00:00:00,2015-08-30 00:00:00,OPEN SOURCE (ONLINE),,MB march held in Alexandria's Abu Suleiman area.,EGYPT,ALEXANDRIA,NA,CIVIL UNREST,MARCH
2015-000311,2015-08-28 16:02:00,"SIKE, OLIVIA",Report Sent to Review,SOUTH OF RAFAH,EGYPT,,2015-08-18 00:00:00,2015-08-18 00:00:00,OPEN SOURCE (ONLINE),,7 reportedly injured in shooting on checkpoint,EGYPT,NA,NA,TERRORISM,SHOOTING
2015-000343,2015-08-30 16:35:00,"DAVIS, JERRY",Report Sent to Review,,EGYPT,,2015-08-30 00:00:00,2015-08-30 00:00:00,OPEN SOURCE (ONLINE),,"According to Egyptian media outlets, five bodies of local tribesmen were thrown by militants on a road near Rafah. The gunman reportedly told locals that the five tribesmen were executed for collaborating with the army. This is part of a broader campaign of intimidation by local militants against both security forces and tribesmen.",EGYPT,NORTH SINAI,RAFAH,CRIME,MURDER
2015-000341,2015-08-30 16:05:00,"BASURTO, JANET",Report Sent to Review,,EGYPT,,2015-08-30 00:00:00,2015-08-30 00:00:00,OPEN SOURCE (ONLINE),,"Egyptian security forces reportedly detonated two IEDs placed on a road south of Sheikh Zuweid. Additionally, reports indicate that security forces arrested 10 members of a group called ""sons of Sheikh Zuweid.""",EGYPT,NORTH SINAI,SHEIKH ZUWAYYED,TERRORISM,BOMB DISCOVERY
2015-000141,2015-08-14 06:43:00,"CAIRO, OPSCENTER",Report Sent to Review,SOHAG ROUTE,EGYPT,,2015-08-14 00:00:00,2015-08-14 00:00:00,,"Crash Bus in Sohag route, Red Sea Governorate.","Crash Bus in Sohag route, Red Sea Governorate.",EGYPT,RED SEA,HURGHADA,CRIME,THEFT
2015-000101,2015-08-03 09:17:00,"CAIRO, OPSCENTER",Report Sent to Review,"EL ZERAA SQUARE, MAHALA CITY",EGYPT,,2015-08-03 00:00:00,2015-08-03 00:00:00,OPEN SOURCE (ONLINE),,"A massive fire in the Land Line telephones Central in El Zeraa Square, Mahala city, Gharbia Governorate.",EGYPT,GHARBIA,NA,HAZARD,NA
2015-000305,2015-08-28 15:42:00,"DAVIS, JERRY",Report Sent to Review,,EGYPT,,2015-08-16 00:00:00,2015-08-16 00:00:00,OPEN SOURCE (ONLINE),,"26 ""army officers and MB officials"" were sentenced today by a military court for alleged attempts to overthrow the regime. Four of the officers are retired; the two MB officials are the General Secretary of the Freedom and Justice Party in the Giza Governorate, Hilmi al-Gizzar; and Mohammed Abdel Rahman, a member of the group's consulting committee. The men were sentenced to various prison times, varying from 10 to 25 years.",EGYPT,NA,NA,MAJOR POLITICAL EVENT,NA
2015-000224,2015-08-27 16:27:00,"BASURTO, JANET",Report Sent to Review,BOUSTA STREET,EGYPT,,2015-08-26 00:00:00,2015-08-26 00:00:00,OPEN SOURCE (ONLINE),,ISIS-affiliated WS claimed responsibility and released photos of the shooting that killed two policemen in Arish. the pictures show that the police as plain-clothe. Group claimed to have seized weapons.,EGYPT,NORTH SINAI,EL-ARISH,TERRORISM,SHOOTING
2015-000120,2015-08-09 04:17:00,"CAIRO, OPSCENTER",Report Sent to Review,"AL TALBIA AREA , GIZA .",EGYPT,,2015-08-09 00:00:00,2015-08-09 00:00:00,OPEN SOURCE (ONLINE),,"There is maintenance on the Ring Road from now and till Three Days at Al Talbia area , Giza .",EGYPT,GIZA,GIZA,OTHER,NA
2015-000296,2015-08-28 15:24:00,"DAVIS, JERRY",Report Sent to Review,KERDESA AREA WEST OF GIZA,EGYPT,,2015-08-15 00:00:00,2015-08-15 00:00:00,OPEN SOURCE (ONLINE),,One person was killed and five others were injured after four assailants riding motorcycles opened fire for unknown reasons in the Kerdasa area west of Giza.,EGYPT,GIZA,NA,TERRORISM,SHOOTING
2015-000242,2015-08-27 18:06:00,"DAVIS, JERRY",Report Sent to Review,AL-BAYOUK AREA SOUTH OF RAFAH,EGYPT,,2015-08-11 00:00:00,2015-08-11 00:00:00,OPEN SOURCE (ONLINE),,Egyptian combat helicopters targeted militants south of Rafah. The militants were gathering in two schools in the al-Bayouk area south of Rafah. Military sources claimed 15 militants were killed and 10 injured.,EGYPT,NORTH SINAI,RAFAH,ARMED CONFLICT,MILITARY OFFENSIVE
2015-000135,2015-08-12 20:32:00,"CAIRO, OPSCENTER",Report Sent to Review,"SINRO VILLAGE, ABSHEWAY CITY, FAYOUM GOVERNORATE.",EGYPT,,2015-08-12 00:00:00,2015-08-12 00:00:00,OPEN SOURCE (ONLINE),,"Unknown people open fire towards A Policeman in Sinro Village, Absheway City, Fayoum Governorate.",EGYPT,FAYOUM,NA,TERRORISM,SHOOTING
2015-000319,2015-08-28 16:50:00,"SIKE, OLIVIA",Report Sent to Review,INTERNATIONAL AIRPORT,EGYPT,,2015-08-20 00:00:00,2015-08-20 00:00:00,OPEN SOURCE (ONLINE),,Car Bombing,EGYPT,CAIRO,NA,TERRORISM,SMALL-SCALE EXPLOSIVES
2015-000277,2015-08-28 13:36:00,"BASURTO, JANET",Report Sent to Review,,EGYPT,,2015-08-22 00:00:00,2015-08-22 00:00:00,OPEN SOURCE (ONLINE),,Egyptian forces are searching for three government service vehicles that have allegedly gone missing in Arish.,EGYPT,NORTH SINAI,EL-ARISH,ARMED CONFLICT,MILITANCY
2015-000317,2015-08-28 16:39:00,"SIKE, OLIVIA",Report Sent to Review,SOUTH OF SHEIKH ZUWEID AND RAFAH,EGYPT,,2015-08-19 00:00:00,2015-08-19 00:00:00,OPEN SOURCE (ONLINE),,Security forces carry out several raids against militants,EGYPT,NA,NA,OTHER,NA
2015-000239,2015-08-27 18:00:00,"DAVIS, JERRY",Report Sent to Review,SOUTH OF SHEIKH ZUWEID,EGYPT,,2015-08-11 00:00:00,2015-08-11 00:00:00,OPEN SOURCE (ONLINE),,Military airstrike killed 4 militants south of Sheikh Zuweid.,EGYPT,NORTH SINAI,SHEIKH ZUWAYYED,ARMED CONFLICT,MILITARY OFFENSIVE
2015-000217,2015-08-27 15:58:00,"BASURTO, JANET",Report Sent to Review,,EGYPT,,2015-08-27 00:00:00,2015-08-27 00:00:00,,,"According to Egyptian media outlets MB protests were held Cairo's Nasr City, starting at the Genena Mall. No reports of arrests.",EGYPT,CAIRO,NASR CITY,CIVIL UNREST,PROTEST
2015-000321,2015-08-28 17:04:00,"SIKE, OLIVIA",Report Sent to Review,NEAR MARSA ALAM,EGYPT,,2015-08-20 00:00:00,2015-08-20 00:00:00,OPEN SOURCE (ONLINE),,Tourists rescued from sinking ship,EGYPT,NA,NA,HAZARD,NA
2015-000146,2015-08-16 09:29:00,"CAIRO, OPSCENTER",Report Sent to Review,WOOL FACTORY,EGYPT,,2015-08-16 00:00:00,2015-08-16 00:00:00,OPEN SOURCE (ONLINE),,"A massive fire in wool factory in Foah Matoubas Road , Kafr El Sheikh Governorate.",EGYPT,KAFR EL-SHEIKH,FUWA,HAZARD,NA
2015-000286,2015-08-28 14:32:00,"BASURTO, JANET",Report Sent to Review,RAFAH AND SHEIKH ZUWEID,EGYPT,,2015-08-21 00:00:00,2015-08-21 00:00:00,OPEN SOURCE (ONLINE),,"According to Egyptian media outlets, Egyptian security forces carried out multiple security operations south of Sheikh Zuweid and Rafah. According to security sources 3 militants were killed and 8 were arrested. No independent confirmation of death toll",EGYPT,NORTH SINAI,RAFAH,ARMED CONFLICT,MILITARY OFFENSIVE
2015-000069,2015-07-22 00:32:00,"CAIRO, OPSCENTER",Report Sent to Review,SHAHIBA AREA,EGYPT,,2015-07-22 00:00:00,2015-07-22 00:00:00,OPEN SOURCE (ONLINE),,"A massive fire in closed shops at Shahiba area, Damietta Governorate. Firemen controlled it. Unknown Reasons.",EGYPT,DAMIETTA,NA,HAZARD,BUILDING COLLAPSE
2015-000054,2015-07-20 10:52:00,"ROUFFAUD, LUC",Report Sent to Review,"MILITARY CAMP, ON CAIRO-SUEZ ROAD",EGYPT,,2015-07-15 00:00:00,2015-07-15 00:00:00,OPEN SOURCE (ONLINE),,A suicide bomber drove straight into a military camp of the Egyptian army. The event reportedly took place on the Suez-Cairo road. Wilayet Sinai claimed the attack.,EGYPT,SUEZ,NA,TERRORISM,SVBIED (SUICIDE CAR BOMB)
2015-000059,2015-07-21 07:52:00,"CAIRO, OPSCENTER",Report Sent to Review,"MONSHAAT ABDULLAH VILLAGE, FAIYUM GOVERNORATE.",EGYPT,,2015-07-21 00:00:00,2015-07-21 00:00:00,OPEN SOURCE (ONLINE),,"A homemade bomb exploded near to Electricity transformer Monshaat Abdullah Village, Faiyum Governorate.",EGYPT,FAYOUM,NA,TERRORISM,NA
2015-000059,2015-07-21 07:52:00,"CAIRO, OPSCENTER",Report Sent to Review,"MONSHAAT ABDULLAH VILLAGE, FAIYUM GOVERNORATE.",EGYPT,,2015-07-21 00:00:00,2015-07-21 00:00:00,OPEN SOURCE (ONLINE),,"A homemade bomb exploded near to Electricity transformer Monshaat Abdullah Village, Faiyum Governorate.",EGYPT,FAYOUM,NA,TERRORISM,BOMBING (OTHER THAN IED)
2015-000014,2015-05-17 22:22:00,REPORT EXEC,Report Sent to Review,COURT,EGYPT,,2015-05-07 00:00:00,2015-05-07 00:00:00,,,Cairo Criminal Court sentenced on Tuesday Adel Habara to two years and Ismail Abdel Kader to one year in prison for insulting the judiciary,EGYPT,CAIRO,CAIRO,MAJOR POLITICAL EVENT,NA
2015-000058,2015-07-20 11:17:00,"ROUFFAUD, LUC",Report Sent to Review,1 MILE OFF THE COAST OF RAFAH,EGYPT,,2015-07-15 00:00:00,2015-07-15 00:00:00,,,Egyptian navy vessel targeted with Chinese-made targeted missile. ship was set afire. Islamic state claimed the attack shortly after.,EGYPT,NORTH SINAI,RAFAH,ARMED CONFLICT,ROCKET ATTACK
2015-000018,2015-05-17 22:40:00,REPORT EXEC,Report Sent to Review,ALF MASKAN,EGYPT,,2015-05-09 00:00:00,2015-05-09 00:00:00,,,Another IED was found in Alf Maskan residential area.,EGYPT,CAIRO,CAIRO,TERRORISM,EXPLOSIVES
2015-000045,2015-07-17 22:49:00,"GAMAL, ESLAM",Report Sent to Review,ROXY SQUARE,EGYPT,,2015-07-16 00:00:00,2015-07-16 00:00:00,OPEN SOURCE (ONLINE),,"A Sound Bomb exploded in Roxy Square, Cairo.",EGYPT,CAIRO,NA,TERRORISM,IED
2015-000084,2015-07-26 21:16:00,"CAIRO, OPSCENTER",Report Sent to Review,SHEIKH ZUWAYYED,EGYPT,,2015-07-25 00:00:00,2015-07-25 00:00:00,OPEN SOURCE (ONLINE),,"An Armed attack on El Sheikh Zuweid Police Station, North Sinai Governorate.",EGYPT,NORTH SINAI,SHEIKH ZUWAYYED,TERRORISM,ARMED ATTACK
2015-000016,2015-05-17 22:35:00,REPORT EXEC,Report Sent to Review,,EGYPT,,2015-05-08 00:00:00,2015-05-08 00:00:00,,Ansar Bayt al-Maqdis,Ansar Bayt al-Maqdis video: Egypt wages ‘war on God’,EGYPT,NORTH SINAI,EL-ARISH,TERRORISM,NA
2015-000057,2015-07-20 11:12:00,"ROUFFAUD, LUC",Report Sent to Review,ITALIAN CONSULATE,EGYPT,,2015-07-11 00:00:00,2015-07-11 00:00:00,OPEN SOURCE (ONLINE),,"A car bombing outside the Italian consulate in Cairo killed one person, wounded nine others and resulted in widespread damage and flooding. Islamic State claimed responsibility for the attack.",EGYPT,CAIRO,DOWNTOWN,TERRORISM,BOMBING (OTHER THAN IED)
2015-000038,2015-07-17 22:32:00,"GAMAL, ESLAM",Report Sent to Review,COFFEE SHOP AT LUTFALLAH AREA,EGYPT,,2015-07-14 00:00:00,2015-07-14 00:00:00,OPEN SOURCE (ONLINE),,"A homemade bomb exploded close to Coffee Shop at Lutfallah Area, Faiyum Governorate",EGYPT,FAYOUM,NA,TERRORISM,IED
2015-000061,2015-07-21 06:36:00,"CAIRO, OPSCENTER",Report Sent to Review,MONTAZA,EGYPT,,2015-07-21 00:00:00,2015-07-21 00:00:00,OPEN SOURCE (ONLINE),,"Unknown people throw Molotov towards a police checkpoint in front of Al - Abaa Church, Al-Montazah, Alex Governorate.",EGYPT,ALEXANDRIA,MONTAZA,TERRORISM,BOMBING (OTHER THAN IED)
2015-000089,2015-07-28 08:56:00,"CAIRO, OPSCENTER",Report Sent to Review,AL- OBOUR CITY,EGYPT,,2015-07-28 00:00:00,2015-07-28 00:00:00,OPEN SOURCE (ONLINE),,"A massive fire at Furniture Factory at Al- Obour City, Cairo. Firemen are trying to control it. 10 Killed and 25 injured. Unknown Reasons.",EGYPT,CAIRO,NA,HAZARD,NA
2015-000049,2015-07-17 22:56:00,"GAMAL, ESLAM",Report Sent to Review,CINEMA RADOBIS,EGYPT,,2015-07-17 00:00:00,2015-07-17 00:00:00,OPEN SOURCE (ONLINE),,"A bomb exploded front of cinema Radobis at El Haram area, Giza Governorate.",EGYPT,GIZA,GIZA,TERRORISM,IED
2015-000047,2015-07-17 22:49:00,"GAMAL, ESLAM",Report Sent to Review,ABDEL MONEIM RIAD SQUARE FAIYUM,EGYPT,,2015-07-16 00:00:00,2015-07-16 00:00:00,OPEN SOURCE (ONLINE),,"A bomb exploded near to Abdel Moneim Riad Square Faiyum, Faiyum Governorate.",EGYPT,FAYOUM,NA,TERRORISM,IED
2015-000087,2015-07-27 10:17:00,"CAIRO, OPSCENTER",Report Sent to Review,NEIGHBORHOOD NO 6,EGYPT,,2015-07-27 00:00:00,2015-07-27 00:00:00,OPEN SOURCE (ONLINE),,"Armed Clashes between Police Forces and Morsi Supporters in Neighborhood No 6 , 6th of October City, Giza.",EGYPT,GIZA,6TH OCTOBER CITY,CIVIL UNREST,SECURITY CLASHES
2015-000022,2015-05-17 22:51:00,REPORT EXEC,Report Sent to Review,AIN SHAMS UNI,EGYPT,,2015-05-17 00:00:00,2015-05-17 00:00:00,,,"""Students against the Coup"" call on Saturday protests in Ain Shamas Uni.",EGYPT,CAIRO,CAIRO,CIVIL UNREST,PROTEST
2015-000073,2015-07-23 15:14:00,"CAIRO, OPSCENTER",Report Sent to Review,AL MASSORA AREA,EGYPT,,2015-07-23 00:00:00,2015-07-23 00:00:00,,,"A Bomb exploded in Army’s Armored vehicle at Al Massora area, Rafah city, Sinai.",EGYPT,NORTH SINAI,RAFAH,TERRORISM,IED
2015-000074,2015-07-23 15:17:00,"CAIRO, OPSCENTER",Report Sent to Review,KAFR SAQR,EGYPT,,2015-07-23 00:00:00,2015-07-23 00:00:00,,,"Police Forces defused Two Homemade Bombs in front of Traffic department in Kafr SaQr City, Sharqia Governorate.",EGYPT,SHARQIA,KAFR SAQR,TERRORISM,BOMB DISCOVERY
2015-000092,2015-07-30 02:33:00,"CAIRO, OPSCENTER",Report Sent to Review,EL HARAM CITY,EGYPT,,2015-07-29 00:00:00,2015-07-29 00:00:00,OPEN SOURCE (ONLINE),,"An Armed attack on Niger Embassy in El Haram City, Giza Governorate.",EGYPT,GIZA,GIZA,TERRORISM,ARMED ATTACK
2015-000033,2015-07-13 16:04:00,"CAIRO, OPSCENTER",Report Sent to Review,ASYUT PUBLIC PRISON,EGYPT,,2015-07-13 00:00:00,2015-07-13 00:00:00,,,A bomb exploded near to Asyut Public Prison at Asyut Governorate.,EGYPT,ASYUT,NA,TERRORISM,BOMBING (OTHER THAN IED)
2015-000077,2015-07-23 15:28:00,"CAIRO, OPSCENTER",Report Sent to Review,AL MASSORA AREA,EGYPT,,2015-07-23 00:00:00,2015-07-23 00:00:00,OPEN SOURCE (ONLINE),,"A Bomb exploded in Army’s Armored vehicle at Al Massora area, Rafah city, Sinai.",EGYPT,NORTH SINAI,RAFAH,TERRORISM,IED
2015-000067,2015-07-21 23:51:00,"CAIRO, OPSCENTER",Report Sent to Review,SHEIKH ZAYED CITY 6TH OCTOBER,EGYPT,,2015-07-21 00:00:00,2015-07-21 00:00:00,OPEN SOURCE (ONLINE),,"A homemade bomb exploded at Sheikh Zayed 6th of October City, Giza Governorate.",EGYPT,CAIRO,16 OCTOBER CITY,TERRORISM,BOMBING (OTHER THAN IED)
2015-000039,2015-07-17 22:35:00,"GAMAL, ESLAM",Report Sent to Review,MARIOUTEYA CITY,EGYPT,,2015-07-14 00:00:00,2015-07-14 00:00:00,OPEN SOURCE (ONLINE),,"Demonstration By Mariouteya Citizens led to Stop Traffic on the Ring Road in the Two Directions in Mariouteya City , Giza Governorate.",EGYPT,GIZA,GIZA,CIVIL UNREST,NA
2015-000015,2015-05-17 22:33:00,REPORT EXEC,Report Sent to Review,,EGYPT,,2015-05-07 00:00:00,2015-05-07 00:00:00,,,"Floods in Red Sea coastal cities cause serious damage to homes, roads, power supply",EGYPT,RED SEA,HURGHADA,HAZARD,FLOODING
2015-000003,2015-05-17 22:05:00,REPORT EXEC,Report Sent to Review,HELIOPOLIS,EGYPT,,2015-05-02 00:00:00,2015-05-02 00:00:00,,,"Third bombing takes place in Heliopolis, two officer dead",EGYPT,CAIRO,CAIRO,TERRORISM,BOMBING (OTHER THAN IED)
2015-000020,2015-05-17 22:46:00,REPORT EXEC,Report Sent to Review,,EGYPT,,2015-05-09 00:00:00,2015-05-09 00:00:00,,,Public outrage over death of man following police brutality,EGYPT,CAIRO,CAIRO,CRIME,NA
2015-000083,2015-07-26 21:13:00,"CAIRO, OPSCENTER",Report Sent to Review,HELWAN,EGYPT,,2015-07-26 00:00:00,2015-07-26 00:00:00,OPEN SOURCE (ONLINE),,"A Sound Bomb exploded in Helwan city, Cairo Governorate.",EGYPT,CAIRO,HELWAN,TERRORISM,BOMBING (OTHER THAN IED)
2015-000065,2015-07-21 16:27:00,"CAIRO, OPSCENTER",Report Sent to Review,AHMED ‘URABI MOHANDESEEN,EGYPT,,2015-07-21 00:00:00,2015-07-21 00:00:00,OPEN SOURCE (ONLINE),,"Clashes between Police Forces and Zamalek fans in Mohandessin, Cairo Governorate.",EGYPT,CAIRO,MOHANDESEEN,ARMED CONFLICT,VIOLENT CLASHES
2015-000082,2015-07-26 16:23:00,"CAIRO, OPSCENTER",Report Sent to Review,EL-ARISH,EGYPT,,2015-07-26 00:00:00,2015-07-26 00:00:00,OPEN SOURCE (ONLINE),,"A Bomb exploded near to a Police Bus at Al-Arish Coast Road, Al-Arish City, North Sinai.",EGYPT,NORTH SINAI,EL-ARISH,TERRORISM,BOMBING (OTHER THAN IED)
2015-000075,2015-07-23 15:18:00,"CAIRO, OPSCENTER",Report Sent to Review,KAFR SAQR,EGYPT,,2015-07-23 00:00:00,2015-07-23 00:00:00,OPEN SOURCE (ONLINE),,"Police Forces defused Two Homemade Bombs in front of Traffic department in Kafr Sakr City, Sharqia Governorate.",EGYPT,SHARQIA,KAFR SAQR,TERRORISM,IED
2015-000086,2015-07-27 08:14:00,"CAIRO, OPSCENTER",Report Sent to Review,HELIOPOLIS,EGYPT,,2015-07-27 00:00:00,2015-07-27 00:00:00,,,"A Sound Bomb exploded in front of Civil Protection Building at Heliopolis, Cairo Governorate.",EGYPT,CAIRO,NA,TERRORISM,IED
2015-000062,2015-07-21 07:49:00,"CAIRO, OPSCENTER",Report Sent to Review,CAIRO AIRPORT,EGYPT,,2015-07-21 00:00:00,2015-07-21 00:00:00,OPEN SOURCE (ONLINE),,"Closure of airspace at Cairo Airport International for Ten Minutes because of Military Air Shows, Cairo",EGYPT,CAIRO,DOWNTOWN,OTHER,NA
2015-000055,2015-07-20 10:56:00,"ROUFFAUD, LUC",Report Sent to Review,,EGYPT,,2015-07-15 00:00:00,2015-07-14 00:00:00,OPEN SOURCE (ONLINE),,"A M60 armored vehicle was targeted by a guided missile in South Sheikh Zuweid. The vehicle is pictured to have been burned. The use of targeted missiles is not the first incident, but a significant one for insurgency taking place in the North Sinai. ISIL's Wilayet Sinai media center claimed the attack.",EGYPT,NORTH SINAI,SHEIKH ZUWAYYED,ARMED CONFLICT,ROCKET ATTACK
2015-000095,2015-07-31 16:52:00,"CAIRO, OPSCENTER",Report Sent to Review,BASHTEEL,EGYPT,,2015-07-31 00:00:00,2015-07-31 00:00:00,OPEN SOURCE (ONLINE),,"Police Forces defused A Homemade Bomb in Bashteel area, Giza Governorate.",EGYPT,GIZA,GIZA,TERRORISM,BOMB DISCOVERY
2015-000056,2015-07-20 11:03:00,"ROUFFAUD, LUC",Report Sent to Review,THE INCIDENT REPORTEDLY TOOK PLACE NEAR THE AL GORA AIRPORT.,EGYPT,,2015-07-15 00:00:00,2015-07-14 00:00:00,,,"Second, a military bulldozer as well as a truck transporting other vehicles were hit with IEDs near a gas station, again in south Sheikh Zuweid.",EGYPT,NORTH SINAI,SHEIKH ZUWAYYED,TERRORISM,IED
2015-000046,2015-07-17 22:49:00,"GAMAL, ESLAM",Report Sent to Review,THE OPERA HOUSE,EGYPT,,2015-07-16 00:00:00,2015-07-16 00:00:00,OPEN SOURCE (ONLINE),,"A massive fire in a Carpentry workshop the Opera House, Cairo Governorate.",EGYPT,CAIRO,NA,HAZARD,NA
2015-000037,2015-07-17 22:31:00,"GAMAL, ESLAM",Report Sent to Review,"THREE HOMEMADE BOMBS EXPLODED IN ELECTRICITY TOWER AND POLICE FORCES DEFUSED ANOTHER BOMB IN AL-SHWEEF VILLAGE, ATSAH, FAIYUM GOVERNORATE.",EGYPT,,2015-07-14 00:00:00,2015-07-14 00:00:00,OPEN SOURCE (ONLINE),,"Three homemade bombs exploded in Electricity Tower and Police forces defused another bomb in Al-Shweef Village, Atsah, Faiyum Governorate.",EGYPT,FAYOUM,NA,TERRORISM,IED
2015-000031,2015-07-13 10:12:00,"CAIRO, OPSCENTER",Report Sent to Review,AL-TAHRIR SQUARE,EGYPT,,2015-07-12 00:00:00,2015-07-12 00:00:00,,,Police forces defused a homemade bomb at Al-Tahrir Square.,EGYPT,SHARQIA,ZAGAZIG,TERRORISM,THREAT
2015-000072,2015-07-23 15:12:00,"CAIRO, OPSCENTER",Report Sent to Review,AL MASSORA AREA,EGYPT,,2015-07-23 00:00:00,2015-07-23 00:00:00,OPEN SOURCE (ONLINE),,"A Bomb exploded in Army’s Armored vehicle at Al Massora area, Rafah city, Sinai.",EGYPT,NORTH SINAI,RAFAH,TERRORISM,IED
2015-000041,2015-07-17 22:36:00,"GAMAL, ESLAM",Report Sent to Review,TAMIYYAH CITY,EGYPT,,2015-07-15 00:00:00,2015-07-15 00:00:00,OPEN SOURCE (ONLINE),,"A bomb exploded near to Electricity transformer Tamiyyah City ,Faiyum Governorate.",EGYPT,FAYOUM,NA,TERRORISM,IED
2015-000094,2015-07-31 07:45:00,"CAIRO, OPSCENTER",Report Sent to Review,EL MATARIYA STREETS,EGYPT,,2015-07-31 00:00:00,2015-07-31 00:00:00,OPEN SOURCE (ONLINE),,"Two Demonstrations by Morsi supporters in El Matariya streets, El-Matariya , Cairo",EGYPT,CAIRO,MATARIYYAH,CIVIL UNREST,DEMONSTRATION
2015-000080,2015-07-24 14:46:00,"CAIRO, OPSCENTER",Report Sent to Review,AHMED ORABI ST,EGYPT,,2015-07-24 00:00:00,2015-07-24 00:00:00,OPEN SOURCE (ONLINE),,"Police Forces defused A Homemade Bomb in Ahmed Orabi St, Mohandeseen area, Giza.",EGYPT,GIZA,MOHANDESEEN,TERRORISM,BOMB DISCOVERY
2015-000013,2015-05-17 22:20:00,REPORT EXEC,Report Sent to Review,100 M FROM EU RESIDENCE,EGYPT,,2015-05-07 00:00:00,2015-05-07 00:00:00,,,A bomb (IED) was been defused by bomb squad. It was located at 100 m far away from the EU Residence in Kamal Al Tawil Al Montazan Street close to the Hungarian Embassy.,EGYPT,CAIRO,CAIRO,TERRORISM,EXPLOSIVES
2015-000048,2015-07-17 22:56:00,"GAMAL, ESLAM",Report Sent to Review,WEST OF ALEXANDRIA,EGYPT,,2015-07-17 00:00:00,2015-07-17 00:00:00,OPEN SOURCE (ONLINE),,Demonstrations after Eid al-Fitr by Morsi supporters in the West of Alexandria Governorate,EGYPT,ALEXANDRIA,NA,CIVIL UNREST,DEMONSTRATION
2015-000017,2015-05-17 22:37:00,REPORT EXEC,Report Sent to Review,UNDER AHMED ORABI BRIDGE,EGYPT,,2015-05-09 00:00:00,2015-05-09 00:00:00,,,"Bomb experts have diffused two IED bombs one of which was found under Ahmed Orabi Bridge, Mohandeseen, Giza governorate",EGYPT,GIZA,MOHANDESEEN,TERRORISM,EXPLOSIVES
2015-000093,2015-07-30 07:00:00,"CAIRO, OPSCENTER",Report Sent to Review,ABOU-RAWASH AREA,EGYPT,,2015-07-30 00:00:00,2015-07-30 00:00:00,OPEN SOURCE (ONLINE),,There is a huge fire in Abou Rawash Area Near to Smart Village of 6th Of October City,EGYPT,GIZA,6TH OCTOBER CITY,HAZARD,NA
2015-000019,2015-05-17 22:42:00,REPORT EXEC,Report Sent to Review,AL SALAM MOSQUE AND AL AZHAR UNIVERSITY,EGYPT,,2015-05-09 22:42:00,2015-05-09 00:00:00,,,Hand clashes between MB protesters and security forces erupted lately around Al Salam Mosque and Al Azhar University in Nasr City where police forces fired tear gasses to disrupt protesters,EGYPT,CAIRO,NASR CITY,CIVIL UNREST,SECURITY CLASHES
2015-000021,2015-05-17 22:47:00,REPORT EXEC,Report Sent to Review,,EGYPT,,2015-05-10 00:00:00,2015-05-10 00:00:00,,Ansar Bayt al-Maqdis,200 members of Ansar Bayt al-Maqdis referred to court over terrorism,EGYPT,CAIRO,CAIRO,TERRORISM,NA
2015-000088,2015-07-27 18:22:00,"CAIRO, OPSCENTER",Report Sent to Review,"YOUSSEF ABBAS, NASR CITY",EGYPT,,2015-07-28 00:00:00,2015-07-28 00:00:00,,,"Two powerful bombs exploded at Youssef Abbas, Nasr City, Cairo Governorate",EGYPT,CAIRO,NASR CITY,TERRORISM,BOMBING (OTHER THAN IED)
2015-000044,2015-07-17 22:41:00,"GAMAL, ESLAM",Report Sent to Review,"""CAIRO- SUEZ"" ROAD",EGYPT,,2015-07-15 00:00:00,2015-07-15 00:00:00,OPEN SOURCE (ONLINE),,"The natural Gas Line in ""Cairo- Suez"" Road Exploded during the Maintenance in the Line.",EGYPT,NA,NA,HAZARD,NA
2015-000159,2015-08-19 10:33:00,"SIKE, OLIVIA",Report Sent to Review,,EGYPT,,2015-08-19 00:00:00,2015-07-01 00:00:00,OPEN SOURCE (ONLINE),,"Welayata Sinai claimed use of MANPADs against egyptian AH-64 during 1 July engagement in Sheikh Zuwayyed. Wilayet Sinai claims that they damaged one, and provide pictures of part if AH-64 that was damaged ad left the place of attack. This is the second time (first was 25.1.2014, shot down if Mi-17) sinai militants are proving by picture the fact that 1) they have MANPANDs that are operational and 2) that they know how to prepare and fire, and also 3) that they are willing to do so.",EGYPT,NORTH SINAI,SHEIKH ZUWAYYED,ARMED CONFLICT,ROCKET ATTACK
2015-000040,2015-07-17 22:36:00,"GAMAL, ESLAM",Report Sent to Review,ABDEL MONEIM RIAD SQUARE,EGYPT,,2015-07-15 00:00:00,2015-07-15 00:00:00,OPEN SOURCE (ONLINE),,"A bomb exploded near to Abdel Moneim Riad Square Faiyum ,Faiyum Governorate.",EGYPT,FAYOUM,NA,TERRORISM,IED
2015-000071,2015-07-23 15:07:00,"CAIRO, OPSCENTER",Report Sent to Review,KAFR SAKR CITY,EGYPT,,2015-07-23 00:00:00,2015-07-23 00:00:00,OPEN SOURCE (ONLINE),,"Police Forces defused Two Homemade Bombs in front of Traffic department in Kafr Sakr City, Sharqia Governorate.",EGYPT,SHARQIA,KAFR SAQR,TERRORISM,BOMB DISCOVERY
2015-000090,2015-07-28 19:09:00,"CAIRO, OPSCENTER",Report Sent to Review,EL HARAM,EGYPT,,2015-07-29 00:00:00,2015-07-29 00:00:00,,"An Armed attack on Niger Embassy in El Haram City, Giza Governorate.","An Armed attack on Niger Embassy in El Haram City, Giza Governorate.",EGYPT,GIZA,GIZA,TERRORISM,ARMED ATTACK
2015-000076,2015-07-23 15:26:00,"CAIRO, OPSCENTER",Report Sent to Review,KAFR SAQR,EGYPT,,2015-07-23 00:00:00,2015-07-23 00:00:00,,,"Police Forces defused Two Homemade Bombs in front of Traffic department in Kafr Sakr City, Sharqia Governorate.",EGYPT,SHARQIA,KAFR SAQR,TERRORISM,IED
2015-000066,2015-07-21 18:15:00,"CAIRO, OPSCENTER",Report Sent to Review,"QENA LUXOR DESERT, QENA GOVERNORATE.",EGYPT,,2015-07-22 00:00:00,2015-07-21 00:00:00,,,"Two cars collided and burst one of them at Qena Luxor Desert, Qena Governorate. 3 persons killed and 10 Injuries .",EGYPT,QENA,NA,HAZARD,VEHICLE ACCIDENT
2015-000043,2015-07-17 22:41:00,"GAMAL, ESLAM",Report Sent to Review,"CENTRAL BRIDGE, DOWNTOWN",EGYPT,,2015-07-15 00:00:00,2015-07-15 00:00:00,,,"A Bomb exploded Under El- Central Bridge, Downtown , Faiyum Governorate.",EGYPT,FAYOUM,NA,TERRORISM,IED
